year,variety,Nitrogen,location ,AGW,KN,GY
2023,cv1,N1,Iowa,282.6,3621,10125.8
2023,cv1,N1,Iowa,269.7,3476,9274.9
2023,cv1,N1,Iowa,257.3,3911,9955.6
2023,cv1,N1,Iowa,311.7,3476,10721.4
2023,cv1,N1,Iowa,283.2,3766,10551.3
2023,cv1,N1,Iowa,284.6,4200,11827.6
2023,cv1,N1,Iowa,313.8,3042,9445.1
2023,cv1,N1,Iowa,337.4,3186,10636.3
2023,cv1,N1,Iowa,262.1,4200,10891.6
2023,cv1,N1,Iowa,278.4,4200,11572.3
2023,cv1,N1,Illinois,253.9,3845,9659.6
2023,cv1,N1,Illinois,347.1,3017,10360.7
2023,cv1,N1,Illinois,251.8,3845,9581.7
2023,cv1,N1,Illinois,286.8,3597,10204.9
2023,cv1,N1,Illinois,281.4,3945,10983.9
2023,cv1,N1,Illinois,263.7,4508,11762.9
2023,cv1,N1,Illinois,343.1,3580,12152.4
2023,cv1,N1,Illinois,269.3,3713,9893.3
2023,cv1,N1,Illinois,286.9,4061,11529.2
2023,cv1,N1,Illinois,328.3,3381,10983.9
2023,cv1,N1,Nebraska,288.4,5641,16095.3
2023,cv1,N1,Nebraska,263.9,6164,16095.3
2023,cv1,N1,Nebraska,268.8,5802,15432.6
2023,cv1,N1,Nebraska,359.2,4795,17042.1
2023,cv1,N1,Nebraska,262.5,6124,15906.0
2023,cv1,N1,Nebraska,289.9,5479,15716.6
2023,cv1,N1,Nebraska,277.1,6527,17894.2
2023,cv1,N1,Nebraska,293.4,4795,13917.7
2023,cv1,N1,Nebraska,252.3,5157,12876.3
2023,cv1,N1,Nebraska,0.0,5620,0.0
2023,cv2,N1,Iowa,265.2,4651,12205.1
2023,cv2,N1,Iowa,269.5,4884,13024.9
2023,cv2,N1,Iowa,306.5,3934,11931.9
2023,cv2,N1,Iowa,300.9,3120,9290.5
2023,cv2,N1,Iowa,337.4,3411,11385.4
2023,cv2,N1,Iowa,294.2,3411,9928.1
2023,cv2,N1,Iowa,289.0,3663,10474.6
2023,cv2,N1,Iowa,305.4,3798,11476.5
2023,cv2,N1,Iowa,233.5,4651,10747.8
2023,cv2,N1,Iowa,284.5,3721,10474.6
2023,cv2,N1,Illinois,237.5,4174,9808.2
2023,cv2,N1,Illinois,265.1,3770,9887.3
2023,cv2,N1,Illinois,255.3,4039,10203.7
2023,cv2,N1,Illinois,262.4,4174,10836.5
2023,cv2,N1,Illinois,279.9,3770,10441.0
2023,cv2,N1,Illinois,267.2,4847,12813.9
2023,cv2,N1,Illinois,271.4,4123,11073.8
2023,cv2,N1,Illinois,271.4,3652,9808.2
2023,cv2,N1,Illinois,282.0,3770,10520.1
2023,cv2,N1,Illinois,296.9,4443,13051.2
2023,cv2,N1,Nebraska,316.7,4012,12569.5
2023,cv2,N1,Nebraska,326.0,3589,11577.1
2023,cv2,N1,Nebraska,310.4,4012,12321.4
2023,cv2,N1,Nebraska,307.2,4434,13479.1
2023,cv2,N1,Nebraska,286.9,4311,12238.7
2023,cv2,N1,Nebraska,313.8,3941,12238.7
2023,cv2,N1,Nebraska,313.5,3572,11081.0
2023,cv2,N1,Nebraska,313.0,3818,11825.2
2023,cv2,N1,Nebraska,268.2,4082,10832.9
2023,cv2,N1,Nebraska,282.0,3941,10998.3
2023,cv3,N1,Iowa,298.6,4070,12023.0
2023,cv3,N1,Iowa,286.4,5271,14937.6
2023,cv3,N1,Iowa,280.3,3876,10747.8
2023,cv3,N1,Iowa,251.9,5116,12751.6
2023,cv3,N1,Iowa,311.2,4496,13844.6
2023,cv3,N1,Iowa,292.0,4477,12933.8
2023,cv3,N1,Iowa,279.9,4341,12023.0
2023,cv3,N1,Iowa,300.7,4806,14300.0
2023,cv3,N1,Iowa,276.5,4961,13571.4
2023,cv3,N1,Iowa,289.5,4961,14209.0
2023,cv3,N1,Illinois,288.4,4820,13752.3
2023,cv3,N1,Illinois,286.9,4686,13302.9
2023,cv3,N1,Illinois,284.6,4150,11685.0
2023,cv3,N1,Illinois,269.0,4896,13033.3
2023,cv3,N1,Illinois,260.6,5508,14201.8
2023,cv3,N1,Illinois,280.5,4437,12314.2
2023,cv3,N1,Illinois,301.6,3615,10786.1
2023,cv3,N1,Illinois,300.5,4686,13932.1
2023,cv3,N1,Illinois,345.6,4284,14651.2
2023,cv3,N1,Illinois,283.7,4131,11595.1
2023,cv3,N1,Nebraska,250.9,4427,10989.9
2023,cv3,N1,Nebraska,247.4,3873,9479.8
2023,cv3,N1,Nebraska,245.5,4248,10318.8
2023,cv3,N1,Nebraska,281.7,4123,11493.2
2023,cv3,N1,Nebraska,252.3,3998,9983.2
2023,cv3,N1,Nebraska,258.8,4980,12751.6
2023,cv3,N1,Nebraska,261.8,4016,10402.6
2023,cv3,N1,Nebraska,270.5,3856,10318.8
2023,cv3,N1,Nebraska,273.1,3695,9983.2
2023,cv3,N1,Nebraska,275.7,3998,10906.0
2023,cv4,N1,Iowa,309.4,3436,10520.1
2023,cv4,N1,Iowa,270.8,4064,10889.2
2023,cv4,N1,Iowa,254.5,4398,11073.8
2023,cv4,N1,Iowa,266.0,4418,11627.5
2023,cv4,N1,Iowa,257.9,5027,12827.1
2023,cv4,N1,Iowa,332.0,3848,12642.6
2023,cv4,N1,Iowa,275.1,4712,12827.1
2023,cv4,N1,Iowa,273.5,4398,11904.3
2023,cv4,N1,Iowa,263.2,4712,12273.4
2023,cv4,N1,Iowa,265.8,4948,13011.7
2023,cv4,N1,Illinois,251.1,4725,11742.5
2023,cv4,N1,Illinois,258.2,4562,11657.4
2023,cv4,N1,Illinois,264.7,3476,9104.7
2023,cv4,N1,Illinois,0.0,4345,0.0
2023,cv4,N1,Illinois,309.9,3802,11657.4
2023,cv4,N1,Illinois,229.8,4490,10210.9
2023,cv4,N1,Illinois,234.8,4725,10976.7
2023,cv4,N1,Illinois,242.7,4925,11827.6
2023,cv4,N1,Illinois,260.1,4562,11742.5
2023,cv4,N1,Illinois,254.2,4635,11657.4
2023,cv4,N1,Nebraska,264.6,3695,9675.2
2023,cv4,N1,Nebraska,232.6,4276,9840.6
2023,cv4,N1,Nebraska,240.7,5279,12569.5
2023,cv4,N1,Nebraska,245.2,4364,10584.8
2023,cv4,N1,Nebraska,266.2,4082,10750.2
2023,cv4,N1,Nebraska,247.1,4364,10667.5
2023,cv4,N1,Nebraska,242.0,4592,10998.3
2023,cv4,N1,Nebraska,235.5,4223,9840.6
2023,cv4,N1,Nebraska,266.2,4082,10750.2
2023,cv4,N1,Nebraska,243.4,4223,10171.3
2023,cv5,N1,Iowa,296.9,3213,9437.9
2023,cv5,N1,Iowa,311.0,2699,8305.3
2023,cv5,N1,Iowa,314.2,3084,9588.9
2023,cv5,N1,Iowa,303.5,3470,10419.4
2023,cv5,N1,Iowa,286.8,3325,9437.9
2023,cv5,N1,Iowa,296.9,3342,9815.4
2023,cv5,N1,Iowa,304.0,3213,9664.4
2023,cv5,N1,Iowa,286.2,3759,10645.9
2023,cv5,N1,Iowa,298.3,3325,9815.4
2023,cv5,N1,Iowa,283.7,3470,9739.9
2023,cv5,N1,Illinois,252.3,4765,11898.3
2023,cv5,N1,Illinois,260.0,4319,11110.9
2023,cv5,N1,Illinois,258.2,4691,11985.8
2023,cv5,N1,Illinois,268.1,4617,12248.3
2023,cv5,N1,Illinois,290.3,4691,13473.1
2023,cv5,N1,Illinois,254.7,4617,11635.9
2023,cv5,N1,Illinois,258.0,4319,11023.4
2023,cv5,N1,Illinois,284.2,4170,11723.3
2023,cv5,N1,Illinois,321.6,3574,11373.4
2023,cv5,N1,Illinois,257.3,4021,10236.1
2023,cv5,N1,Nebraska,270.8,3621,9700.3
2023,cv5,N1,Nebraska,334.9,3621,11997.8
2023,cv5,N1,Nebraska,321.2,3186,10125.8
2023,cv5,N1,Nebraska,245.1,4526,10976.7
2023,cv5,N1,Nebraska,287.4,3621,10296.0
2023,cv5,N1,Nebraska,281.5,4400,12253.1
2023,cv5,N1,Nebraska,313.3,4200,13018.9
2023,cv5,N1,Nebraska,288.2,4237,12082.9
2023,cv5,N1,Nebraska,265.8,4562,11997.8
2023,cv5,N1,Nebraska,302.1,3929,11742.5
2024,cv1,N1,Iowa,285.0,5141,14496.6
2024,cv1,N1,Iowa,283.3,5141,14410.3
2024,cv1,N1,Iowa,295.0,4553,13288.5
2024,cv1,N1,Iowa,327.5,4847,15704.6
2024,cv1,N1,Iowa,291.1,5122,14755.5
2024,cv1,N1,Iowa,313.8,4113,12770.8
2024,cv1,N1,Iowa,322.6,4406,14065.1
2024,cv1,N1,Iowa,263.9,5618,14669.2
2024,cv1,N1,Iowa,283.9,4792,13461.1
2024,cv1,N1,Iowa,309.4,4792,14669.2
2024,cv1,N1,Illinois,267.2,4700,12425.6
2024,cv1,N1,Illinois,306.0,3819,11562.8
2024,cv1,N1,Illinois,305.4,4113,12425.6
2024,cv1,N1,Illinois,270.9,4957,13288.5
2024,cv1,N1,Illinois,245.0,4627,11217.6
2024,cv1,N1,Illinois,196.8,5141,10009.5
2024,cv1,N1,Illinois,290.9,4406,12684.5
2024,cv1,N1,Illinois,269.2,4406,11735.3
2024,cv1,N1,Illinois,281.6,4553,12684.5
2024,cv1,N1,Illinois,280.5,4260,11821.6
2024,cv2,N1,Iowa,343.3,4570,15520.1
2024,cv2,N1,Iowa,313.6,4570,14177.8
2024,cv2,N1,Iowa,294.8,4141,12080.5
2024,cv2,N1,Iowa,306.2,4570,13842.2
2024,cv2,N1,Iowa,289.0,3374,9647.6
2024,cv2,N1,Iowa,351.3,4248,14765.0
2024,cv2,N1,Iowa,329.6,4141,13506.7
2024,cv2,N1,Iowa,326.6,4284,13842.2
2024,cv2,N1,Iowa,316.7,4284,13422.8
2024,cv2,N1,Iowa,333.2,5141,16946.2
2024,cv2,N1,Illinois,345.1,4436,15146.2
2024,cv2,N1,Illinois,272.4,4925,13274.2
2024,cv2,N1,Illinois,350.9,4436,15401.4
2024,cv2,N1,Illinois,293.4,4925,14295.2
2024,cv2,N1,Illinois,325.7,4780,15401.4
2024,cv2,N1,Illinois,321.0,4635,14720.7
2024,cv2,N1,Illinois,303.4,4309,12933.8
2024,cv2,N1,Illinois,275.3,4780,13018.9
2024,cv2,N1,Illinois,324.8,4925,15826.9
2024,cv2,N1,Illinois,335.9,5069,16848.0
2024,cv3,N1,Iowa,302.6,4490,13444.3
2024,cv3,N1,Iowa,288.1,4925,14040.0
2024,cv3,N1,Iowa,341.9,4780,16167.2
2024,cv3,N1,Iowa,379.6,4780,17954.1
2024,cv3,N1,Iowa,375.3,4056,15061.1
2024,cv3,N1,Iowa,302.3,4780,14295.2
2024,cv3,N1,Iowa,337.2,4056,13529.4
2024,cv3,N1,Iowa,319.8,5540,17528.7
2024,cv3,N1,Iowa,331.1,4780,15656.7
2024,cv3,N1,Iowa,359.7,4925,17528.7
2024,cv3,N1,Illinois,263.9,5453,14237.7
2024,cv3,N1,Illinois,280.4,5288,14669.2
2024,cv3,N1,Illinois,246.9,5122,12511.9
2024,cv3,N1,Illinois,265.2,4406,11562.8
2024,cv3,N1,Illinois,263.2,4406,11476.5
2024,cv3,N1,Illinois,281.2,4994,13892.6
2024,cv3,N1,Illinois,273.5,5453,14755.5
2024,cv3,N1,Illinois,262.7,4847,12598.2
2024,cv3,N1,Illinois,237.5,5618,13202.2
2024,cv3,N1,Illinois,254.2,4700,11821.6
2024,cv4,N1,Iowa,328.7,3770,12260.3
2024,cv4,N1,Iowa,372.9,4308,15898.8
2024,cv4,N1,Iowa,373.7,4578,16927.1
2024,cv4,N1,Iowa,296.9,4443,13051.2
2024,cv4,N1,Iowa,377.2,4578,17085.3
2024,cv4,N1,Iowa,392.3,3770,14633.2
2024,cv4,N1,Iowa,363.7,4308,15503.3
2024,cv4,N1,Iowa,320.3,4393,13921.3
2024,cv4,N1,Iowa,333.7,4696,15503.3
2024,cv4,N1,Iowa,336.0,4544,15107.8
2024,cv4,N1,Illinois,324.4,4170,13385.6
2024,cv4,N1,Illinois,232.9,5771,13298.1
2024,cv4,N1,Illinois,265.6,5194,13648.1
2024,cv4,N1,Illinois,319.9,4617,14610.4
2024,cv4,N1,Illinois,302.4,4765,14260.5
2024,cv4,N1,Illinois,280.9,5194,14435.5
2024,cv4,N1,Illinois,273.8,5361,14523.0
2024,cv4,N1,Illinois,315.4,4765,14872.9
2024,cv4,N1,Illinois,300.6,4765,14173.0
2024,cv4,N1,Illinois,245.7,5361,13035.7
2024,cv5,N1,Iowa,389.9,4345,16762.9
2024,cv5,N1,Iowa,335.4,5051,16762.9
2024,cv5,N1,Iowa,277.6,5794,15912.0
2024,cv5,N1,Iowa,333.2,5214,17188.3
2024,cv5,N1,Iowa,321.3,5540,17613.8
2024,cv5,N1,Iowa,383.8,4056,15401.4
2024,cv5,N1,Iowa,372.7,5214,19230.5
2024,cv5,N1,Iowa,365.0,4925,17784.0
2024,cv5,N1,Iowa,361.8,4635,16592.7
2024,cv5,N1,Iowa,359.5,5214,18549.8
2024,cv5,N1,Illinois,291.2,4725,13614.5
2024,cv5,N1,Illinois,279.9,5377,14890.9
2024,cv5,N1,Illinois,349.9,4056,14040.0
2024,cv5,N1,Illinois,314.9,4888,15231.2
2024,cv5,N1,Illinois,324.7,4635,14890.9
2024,cv5,N1,Illinois,265.8,4400,11572.3
2024,cv5,N1,Illinois,304.7,5051,15231.2
2024,cv5,N1,Illinois,278.0,4888,13444.3
2024,cv5,N1,Illinois,314.7,4345,13529.4
2024,cv5,N1,Illinois,172.0,5051,8594.2
2023,cv6,N1,Texas,266.4,3566,9400.7
2023,cv6,N1,Texas,190.0,5095,9578.1
2023,cv6,N1,Texas,237.5,3963,9312.0
2023,cv6,N1,Texas,212.8,5265,11085.8
2023,cv6,N1,Texas,226.4,4831,10819.7
2023,cv6,N1,Texas,222.7,4831,10642.3
2023,cv6,N1,Texas,214.8,5133,10908.4
2023,cv6,N1,Texas,205.2,6114,12416.1
2023,cv6,N1,Texas,228.2,4831,10908.4
2023,cv6,N1,Texas,213.4,4831,10198.9
2023,cv6,N1,Kentucky,202.2,4243,8491.1
2023,cv6,N1,Kentucky,202.9,4774,9581.7
2023,cv6,N1,Kentucky,186.1,4906,9036.4
2023,cv6,N1,Kentucky,174.5,5370,9270.1
2023,cv6,N1,Kentucky,167.6,5072,8413.2
2023,cv6,N1,Kentucky,203.6,4641,9348.0
2023,cv6,N1,Kentucky,201.1,3249,6465.7
2023,cv6,N1,Kentucky,183.2,5072,9192.2
2023,cv6,N1,Kentucky,222.1,3829,8413.2
2023,cv6,N1,Kentucky,196.8,4641,9036.4
2023,cv7,N1,Texas,233.7,4617,10673.5
2023,cv7,N1,Texas,233.5,4430,10236.1
2023,cv7,N1,Texas,262.9,4170,10848.5
2023,cv7,N1,Texas,275.7,4170,11373.4
2023,cv7,N1,Texas,248.1,4170,10236.1
2023,cv7,N1,Texas,267.2,4170,11023.4
2023,cv7,N1,Texas,243.4,4468,10761.0
2023,cv7,N1,Texas,304.3,4039,12160.8
2023,cv7,N1,Texas,225.2,4319,9623.6
2023,cv7,N1,Texas,290.5,4170,11985.8
2023,cv7,N1,Kentucky,184.7,4305,7869.1
2023,cv7,N1,Kentucky,228.5,4510,10197.7
2023,cv7,N1,Kentucky,231.9,4374,10037.1
2023,cv7,N1,Kentucky,228.8,4647,10518.9
2023,cv7,N1,Kentucky,279.0,4305,11883.9
2023,cv7,N1,Kentucky,239.2,4784,11321.9
2023,cv7,N1,Kentucky,195.6,4066,7869.1
2023,cv7,N1,Kentucky,196.8,4784,9314.4
2023,cv7,N1,Kentucky,211.6,4066,8511.5
2023,cv7,N1,Kentucky,220.0,4647,10117.4
2023,cv8,N1,Texas,223.1,3837,8470.7
2023,cv8,N1,Texas,286.2,3120,8835.1
2023,cv8,N1,Texas,237.5,3256,7651.0
2023,cv8,N1,Texas,232.3,3527,8106.4
2023,cv8,N1,Texas,237.5,3140,7377.7
2023,cv8,N1,Texas,213.2,3411,7195.6
2023,cv8,N1,Texas,227.6,3721,8379.6
2023,cv8,N1,Texas,214.3,3566,7559.9
2023,cv8,N1,Texas,225.1,3721,8288.6
2023,cv8,N1,Texas,229.0,3256,7377.7
2023,cv8,N1,Kentucky,229.3,3675,8338.9
2023,cv8,N1,Kentucky,197.9,4345,8509.1
2023,cv8,N1,Kentucky,194.5,3802,7317.8
2023,cv8,N1,Kentucky,218.0,4182,9019.6
2023,cv8,N1,Kentucky,227.4,4237,9530.2
2023,cv8,N1,Kentucky,186.0,4345,7998.5
2023,cv8,N1,Kentucky,194.1,3766,7232.7
2023,cv8,N1,Kentucky,195.1,4056,7828.3
2023,cv8,N1,Kentucky,209.8,4345,9019.6
2023,cv8,N1,Kentucky,222.7,4056,8934.5
2023,cv9,N1,Texas,200.3,4340,8602.6
2023,cv9,N1,Texas,239.7,4076,9666.8
2023,cv9,N1,Texas,237.5,3321,7804.4
2023,cv9,N1,Texas,207.1,4416,9046.0
2023,cv9,N1,Texas,215.7,4529,9666.8
2023,cv9,N1,Texas,183.7,4585,8336.5
2023,cv9,N1,Texas,221.7,4246,9312.0
2023,cv9,N1,Texas,256.5,3774,9578.1
2023,cv9,N1,Texas,233.7,4755,10997.1
2023,cv9,N1,Texas,228.0,3774,8513.9
2023,cv9,N1,Kentucky,244.9,3476,8424.0
2023,cv9,N1,Kentucky,227.6,3476,7828.3
2023,cv9,N1,Kentucky,269.9,3186,8509.1
2023,cv9,N1,Kentucky,198.4,4725,9274.9
2023,cv9,N1,Kentucky,219.2,4237,9189.8
2023,cv9,N1,Kentucky,230.3,3585,8168.7
2023,cv9,N1,Kentucky,242.4,3476,8338.9
2023,cv9,N1,Kentucky,221.5,3766,8253.8
2023,cv9,N1,Kentucky,232.3,3331,7658.2
2023,cv9,N1,Kentucky,204.2,3748,7573.1
2023,cv10,N1,Kentucky,234.2,3929,9104.7
2023,cv10,N1,Kentucky,207.7,4182,8594.2
2023,cv10,N1,Kentucky,222.1,3911,8594.2
2023,cv10,N1,Kentucky,235.4,4056,9445.1
2023,cv10,N1,Kentucky,223.1,4780,10551.3
2023,cv10,N1,Kentucky,220.0,4925,10721.4
2023,cv10,N1,Kentucky,250.2,4056,10040.7
2023,cv10,N1,Kentucky,172.7,4780,8168.7
2023,cv10,N1,Kentucky,199.8,4562,9019.6
2023,cv10,N1,Kentucky,224.8,4056,9019.6
2023,cv10,N1,Texas,250.5,3527,8744.0
2023,cv10,N1,Texas,209.9,4341,9017.2
2023,cv10,N1,Texas,255.5,4612,11658.6
2023,cv10,N1,Texas,235.6,4961,11567.5
2023,cv10,N1,Texas,213.4,4961,10474.6
2023,cv10,N1,Texas,248.5,4186,10292.4
2023,cv10,N1,Texas,223.6,4651,10292.4
2023,cv10,N1,Texas,204.7,4496,9108.3
2023,cv10,N1,Texas,235.3,4186,9745.9
2023,cv10,N1,Texas,233.3,4341,10019.1
2024,cv6,N1,Kansas,308.3,4686,14291.6
2024,cv6,N1,Kansas,262.1,4992,12943.4
2024,cv6,N1,Kansas,267.3,5336,14111.9
2024,cv6,N1,Kansas,272.4,5336,14381.5
2024,cv6,N1,Kansas,260.7,5680,14651.2
2024,cv6,N1,Kansas,281.7,4418,12314.2
2024,cv6,N1,Kansas,266.0,5738,15100.6
2024,cv6,N1,Kansas,253.7,5336,13392.8
2024,cv6,N1,Kansas,237.5,5852,13752.3
2024,cv6,N1,Kansas,209.5,5508,11415.3
2024,cv6,N1,Kentucky,237.5,5069,11912.7
2024,cv6,N1,Kentucky,258.8,5649,14465.4
2024,cv6,N1,Kentucky,291.6,4925,14210.2
2024,cv6,N1,Kentucky,275.3,4436,12082.9
2024,cv6,N1,Kentucky,273.3,4689,12678.5
2024,cv6,N1,Kentucky,361.2,4309,15401.4
2024,cv6,N1,Kentucky,141.7,5703,7998.5
2024,cv6,N1,Kentucky,246.0,5069,12338.2
2024,cv6,N1,Kentucky,288.9,5359,15316.3
2024,cv6,N1,Kentucky,247.4,5214,12763.6
2024,cv7,N1,Kansas,249.4,4468,11023.4
2024,cv7,N1,Kansas,372.8,3462,12773.2
2024,cv7,N1,Kansas,284.2,4170,11723.3
2024,cv7,N1,Kansas,250.5,4765,11810.8
2024,cv7,N1,Kansas,326.6,3574,11548.4
2024,cv7,N1,Kansas,365.0,3779,13648.1
2024,cv7,N1,Kansas,246.5,4914,11985.8
2024,cv7,N1,Kansas,272.0,4617,12423.2
2024,cv7,N1,Kansas,295.9,4691,13735.6
2024,cv7,N1,Kansas,263.7,5063,13210.6
2024,cv7,N1,Kentucky,311.3,4552,14022.0
2024,cv7,N1,Kentucky,323.8,4686,15010.7
2024,cv7,N1,Kentucky,256.7,5202,13213.0
2024,cv7,N1,Kentucky,321.8,4743,15100.6
2024,cv7,N1,Kentucky,332.7,4150,13662.5
2024,cv7,N1,Kentucky,279.0,4820,13302.9
2024,cv7,N1,Kentucky,307.2,4820,14651.2
2024,cv7,N1,Kentucky,284.7,5202,14651.2
2024,cv7,N1,Kentucky,347.3,4552,15639.9
2024,cv7,N1,Kentucky,326.6,4284,13842.2
2024,cv8,N1,Kansas,296.9,5435,15963.5
2024,cv8,N1,Kansas,322.3,3699,11795.3
2024,cv8,N1,Kansas,273.8,5435,14721.9
2024,cv8,N1,Kansas,316.7,4755,14899.3
2024,cv8,N1,Kansas,316.0,4227,13214.2
2024,cv8,N1,Kansas,296.4,5019,14721.9
2024,cv8,N1,Kansas,255.0,5133,12948.2
2024,cv8,N1,Kansas,300.7,4680,13923.7
2024,cv8,N1,Kansas,288.2,4416,12593.4
2024,cv8,N1,Kansas,309.9,4831,14810.6
2024,cv8,N1,Kentucky,251.5,5133,12770.8
2024,cv8,N1,Kentucky,274.8,4925,13391.6
2024,cv8,N1,Kentucky,272.1,5435,14633.2
2024,cv8,N1,Kentucky,290.3,5095,14633.2
2024,cv8,N1,Kentucky,290.9,4529,13036.9
2024,cv8,N1,Kentucky,295.1,4982,14544.5
2024,cv8,N1,Kentucky,293.2,4831,14012.4
2024,cv8,N1,Kentucky,348.8,4831,16673.0
2024,cv8,N1,Kentucky,291.1,4680,13480.3
2024,cv8,N1,Kentucky,306.2,4831,14633.2
2024,cv9,N1,Kansas,226.0,5288,11821.6
2024,cv9,N1,Kansas,268.0,5141,13633.7
2024,cv9,N1,Kansas,325.7,3856,12425.6
2024,cv9,N1,Kansas,305.9,4847,14669.2
2024,cv9,N1,Kansas,311.3,4847,14928.0
2024,cv9,N1,Kansas,228.2,5618,12684.5
2024,cv9,N1,Kansas,335.0,4113,13633.7
2024,cv9,N1,Kansas,291.8,5141,14841.7
2024,cv9,N1,Kansas,271.4,5141,13806.3
2024,cv9,N1,Kansas,244.5,6242,15100.6
2024,cv9,N1,Kentucky,379.5,3613,13565.4
2024,cv9,N1,Kentucky,347.3,5184,17810.3
2024,cv9,N1,Kentucky,365.0,4241,15318.7
2024,cv9,N1,Kentucky,371.0,4123,15134.2
2024,cv9,N1,Kentucky,318.9,4241,13380.8
2024,cv9,N1,Kentucky,373.2,3574,13196.3
2024,cv9,N1,Kentucky,392.6,3848,14949.6
2024,cv9,N1,Kentucky,377.7,4123,15411.0
2024,cv9,N1,Kentucky,342.4,4712,15964.7
2024,cv9,N1,Kentucky,316.7,4712,14765.0
2024,cv10,N1,Kansas,278.0,3873,10654.3
2024,cv10,N1,Kansas,264.3,4427,11577.1
2024,cv10,N1,Kansas,285.5,3624,10234.9
2024,cv10,N1,Kansas,286.3,3998,11325.5
2024,cv10,N1,Kansas,241.2,4570,10906.0
2024,cv10,N1,Kansas,271.7,4712,12667.7
2024,cv10,N1,Kansas,281.5,3856,10738.2
2024,cv10,N1,Kansas,342.0,3570,12080.5
2024,cv10,N1,Kansas,272.3,4141,11157.7
2024,cv10,N1,Kansas,280.8,4016,11157.7
2024,cv10,N1,Kentucky,308.8,4651,14209.0
2024,cv10,N1,Kentucky,291.1,4205,12114.0
2024,cv10,N1,Kentucky,308.8,4651,14209.0
2024,cv10,N1,Kentucky,339.9,4496,15119.8
2024,cv10,N1,Kentucky,296.9,4496,13207.0
2024,cv10,N1,Kentucky,315.3,4496,14026.8
2024,cv10,N1,Kentucky,302.3,4477,13389.2
2024,cv10,N1,Kentucky,303.5,4884,14664.4
2024,cv10,N1,Kentucky,256.2,5426,13753.5
2024,cv10,N1,Kentucky,326.6,4341,14026.8
2023,cv1,N0,Iowa,309.7,3321,10177.3
2023,cv1,N0,Iowa,283.9,3736,10493.7
2023,cv1,N0,Iowa,308.4,2783,8489.9
2023,cv1,N0,Iowa,300.7,3332,9913.7
2023,cv1,N0,Iowa,308.0,2872,8753.6
2023,cv1,N0,Iowa,320.3,2962,9386.3
2023,cv1,N0,Iowa,324.6,2693,8648.1
2023,cv1,N0,Iowa,316.7,2962,9280.9
2023,cv1,N0,Iowa,325.5,2603,8384.4
2023,cv1,N0,Iowa,320.6,3142,9966.4
2023,cv1,N0,Illinois,312.5,2171,6711.4
2023,cv1,N0,Illinois,337.0,2415,8053.7
2023,cv1,N0,Illinois,322.8,2546,8130.4
2023,cv1,N0,Illinois,306.3,2481,7516.7
2023,cv1,N0,Illinois,264.1,2481,6481.3
2023,cv1,N0,Illinois,329.7,2481,8092.0
2023,cv1,N0,Illinois,289.8,2742,7861.9
2023,cv1,N0,Illinois,296.7,2717,7977.0
2023,cv1,N0,Illinois,307.0,2676,8130.4
2023,cv1,N0,Illinois,264.1,2481,6481.3
2023,cv1,N0,Nebraska,281.0,4039,11232.0
2023,cv1,N0,Nebraska,298.2,4039,11917.5
2023,cv1,N0,Nebraska,329.5,3590,11706.6
2023,cv1,N0,Nebraska,278.4,4039,11126.5
2023,cv1,N0,Nebraska,313.8,3770,11706.6
2023,cv1,N0,Nebraska,309.4,3411,10441.0
2023,cv1,N0,Nebraska,310.6,3501,10757.4
2023,cv1,N0,Nebraska,238.8,4039,9544.5
2023,cv1,N0,Nebraska,345.6,3501,11970.2
2023,cv1,N0,Nebraska,301.4,3501,10441.0
2023,cv2,N0,Iowa,275.6,3718,10139.0
2023,cv2,N0,Iowa,319.3,2731,8628.9
2023,cv2,N0,Iowa,335.2,2651,8790.7
2023,cv2,N0,Iowa,295.9,3408,9977.2
2023,cv2,N0,Iowa,321.3,3121,9923.3
2023,cv2,N0,Iowa,336.5,2754,9168.2
2023,cv2,N0,Iowa,295.1,3121,9114.3
2023,cv2,N0,Iowa,298.5,3397,10031.1
2023,cv2,N0,Iowa,288.9,3924,11217.6
2023,cv2,N0,Iowa,322.1,3029,9653.6
2023,cv2,N0,Illinois,304.9,3623,10930.0
2023,cv2,N0,Illinois,330.8,3427,11217.6
2023,cv2,N0,Illinois,327.1,3342,10814.9
2023,cv2,N0,Illinois,320.9,3623,11505.2
2023,cv2,N0,Illinois,337.5,3256,10872.4
2023,cv2,N0,Illinois,322.3,3427,10930.0
2023,cv2,N0,Illinois,305.8,3745,11332.6
2023,cv2,N0,Illinois,316.1,3623,11332.6
2023,cv2,N0,Illinois,313.2,3917,12138.0
2023,cv2,N0,Illinois,348.0,3525,12138.0
2023,cv2,N0,Nebraska,312.8,3764,11649.0
2023,cv2,N0,Nebraska,318.6,3764,11864.8
2023,cv2,N0,Nebraska,329.5,3672,11972.6
2023,cv2,N0,Nebraska,360.7,3672,13105.2
2023,cv2,N0,Nebraska,348.8,3672,12673.7
2023,cv2,N0,Nebraska,338.9,3764,12619.8
2023,cv2,N0,Nebraska,342.2,3488,11810.8
2023,cv2,N0,Nebraska,325.8,3397,10947.9
2023,cv2,N0,Nebraska,292.2,4234,12242.3
2023,cv2,N0,Nebraska,351.6,3488,12134.4
2023,cv3,N0,Iowa,362.2,2754,9869.3
2023,cv3,N0,Iowa,305.1,3305,9977.2
2023,cv3,N0,Iowa,371.1,2570,9437.9
2023,cv3,N0,Iowa,321.9,3488,11109.7
2023,cv3,N0,Iowa,342.3,3408,11541.2
2023,cv3,N0,Iowa,345.5,3029,10354.7
2023,cv3,N0,Iowa,317.3,2972,9330.0
2023,cv3,N0,Iowa,359.0,2490,8844.6
2023,cv3,N0,Iowa,335.5,2892,9599.7
2023,cv3,N0,Iowa,312.5,3488,10786.1
2023,cv3,N0,Illinois,317.9,2909,9151.4
2023,cv3,N0,Illinois,293.7,3472,10088.6
2023,cv3,N0,Illinois,349.3,2792,9647.6
2023,cv3,N0,Illinois,299.9,3660,10860.5
2023,cv3,N0,Illinois,300.8,3038,9041.2
2023,cv3,N0,Illinois,302.0,3284,9813.0
2023,cv3,N0,Illinois,252.3,3754,9372.0
2023,cv3,N0,Illinois,273.8,3378,9151.4
2023,cv3,N0,Illinois,309.1,2956,9041.2
2023,cv3,N0,Illinois,293.5,3284,9537.4
2023,cv3,N0,Nebraska,267.7,4145,10976.7
2023,cv3,N0,Nebraska,296.9,3509,10306.8
2023,cv3,N0,Nebraska,310.7,3772,11595.1
2023,cv3,N0,Nebraska,281.9,4046,11285.9
2023,cv3,N0,Nebraska,259.9,3947,10152.2
2023,cv3,N0,Nebraska,368.1,3070,11182.8
2023,cv3,N0,Nebraska,354.6,3070,10770.6
2023,cv3,N0,Nebraska,314.1,3333,10358.3
2023,cv3,N0,Nebraska,286.7,3651,10358.3
2023,cv3,N0,Nebraska,329.5,3509,11440.5
2023,cv4,N0,Iowa,278.3,3560,9801.0
2023,cv4,N0,Iowa,332.5,3356,11040.2
2023,cv4,N0,Iowa,317.8,3260,10251.6
2023,cv4,N0,Iowa,303.9,3560,10702.3
2023,cv4,N0,Iowa,316.7,3164,9913.7
2023,cv4,N0,Iowa,287.2,3667,10420.6
2023,cv4,N0,Iowa,315.0,3344,10420.6
2023,cv4,N0,Iowa,289.5,3835,10983.9
2023,cv4,N0,Iowa,280.8,3548,9857.3
2023,cv4,N0,Iowa,290.3,3452,9913.7
2023,cv4,N0,Illinois,279.4,3667,10139.0
2023,cv4,N0,Illinois,278.5,3883,10702.3
2023,cv4,N0,Illinois,342.3,3260,11040.2
2023,cv4,N0,Illinois,317.2,3643,11434.5
2023,cv4,N0,Illinois,318.2,3739,11772.5
2023,cv4,N0,Illinois,348.2,3548,12223.1
2023,cv4,N0,Illinois,289.8,4027,11547.2
2023,cv4,N0,Illinois,316.2,3835,11997.8
2023,cv4,N0,Illinois,327.1,3272,10589.6
2023,cv4,N0,Illinois,316.1,3548,11096.6
2023,cv4,N0,Nebraska,344.4,3213,10947.9
2023,cv4,N0,Nebraska,266.4,4338,11433.3
2023,cv4,N0,Nebraska,287.1,4234,12026.6
2023,cv4,N0,Nebraska,312.1,3615,11163.7
2023,cv4,N0,Nebraska,295.3,3821,11163.7
2023,cv4,N0,Nebraska,310.2,3672,11271.5
2023,cv4,N0,Nebraska,312.3,3718,11487.2
2023,cv4,N0,Nebraska,316.7,3305,10354.7
2023,cv4,N0,Nebraska,323.4,3488,11163.7
2023,cv4,N0,Nebraska,300.0,3488,10354.7
2023,cv5,N0,Iowa,262.3,3257,8451.5
2023,cv5,N0,Iowa,300.8,2632,7833.1
2023,cv5,N0,Iowa,274.1,3059,8296.9
2023,cv5,N0,Iowa,312.7,2632,8142.3
2023,cv5,N0,Iowa,283.7,3158,8863.8
2023,cv5,N0,Iowa,311.4,2961,9121.5
2023,cv5,N0,Iowa,294.8,2862,8348.5
2023,cv5,N0,Iowa,328.3,2379,7730.1
2023,cv5,N0,Iowa,282.6,3059,8554.6
2023,cv5,N0,Iowa,310.3,2719,8348.5
2023,cv5,N0,Illinois,334.3,3305,10930.0
2023,cv5,N0,Illinois,345.3,3721,12713.3
2023,cv5,N0,Illinois,298.6,3427,10124.6
2023,cv5,N0,Illinois,287.9,3635,10354.7
2023,cv5,N0,Illinois,281.6,3427,9549.3
2023,cv5,N0,Illinois,313.8,3427,10642.3
2023,cv5,N0,Illinois,314.5,3623,11275.1
2023,cv5,N0,Illinois,298.4,3721,10987.5
2023,cv5,N0,Illinois,301.8,3525,10527.3
2023,cv5,N0,Illinois,248.1,4406,10814.9
2023,cv5,N0,Nebraska,353.0,3321,11601.1
2023,cv5,N0,Nebraska,381.2,3635,13710.4
2023,cv5,N0,Nebraska,380.7,3052,11495.6
2023,cv5,N0,Nebraska,343.8,3736,12708.5
2023,cv5,N0,Nebraska,366.1,3231,11706.6
2023,cv5,N0,Nebraska,332.9,3938,12972.1
2023,cv5,N0,Nebraska,322.4,3736,11917.5
2023,cv5,N0,Nebraska,308.5,3938,12023.0
2023,cv5,N0,Nebraska,335.7,3635,12075.7
2023,cv5,N0,Nebraska,372.5,3534,13024.9
2024,cv1,N0,Iowa,341.6,3553,12007.4
2024,cv1,N0,Iowa,282.9,3553,9946.0
2024,cv1,N0,Iowa,332.8,3553,11698.2
2024,cv1,N0,Iowa,331.6,3849,12625.8
2024,cv1,N0,Iowa,306.7,3651,11079.8
2024,cv1,N0,Iowa,341.7,3750,12677.3
2024,cv1,N0,Iowa,295.3,4057,11852.8
2024,cv1,N0,Iowa,329.7,3333,10873.6
2024,cv1,N0,Iowa,296.7,3651,10719.0
2024,cv1,N0,Iowa,343.1,3947,13398.8
2024,cv1,N0,Illinois,312.7,3947,12213.5
2024,cv1,N0,Illinois,331.7,3454,11337.4
2024,cv1,N0,Illinois,410.5,3070,12471.2
2024,cv1,N0,Illinois,353.1,3333,11646.6
2024,cv1,N0,Illinois,301.0,3651,10873.6
2024,cv1,N0,Illinois,385.1,3246,12368.1
2024,cv1,N0,Illinois,356.3,3553,12522.7
2024,cv1,N0,Illinois,307.4,2982,9070.0
2024,cv1,N0,Illinois,361.1,3750,13398.8
2024,cv1,N0,Illinois,281.5,3553,9894.5
2024,cv2,N0,Iowa,339.9,3672,12350.1
2024,cv2,N0,Iowa,350.4,3718,12889.4
2024,cv2,N0,Iowa,339.8,4234,14237.7
2024,cv2,N0,Iowa,393.9,2892,11271.5
2024,cv2,N0,Iowa,373.8,3718,13752.3
2024,cv2,N0,Iowa,388.2,3580,13752.3
2024,cv2,N0,Iowa,369.1,3397,12404.1
2024,cv2,N0,Iowa,329.2,3924,12781.6
2024,cv2,N0,Iowa,379.7,3488,13105.2
2024,cv2,N0,Iowa,391.8,3408,13213.0
2024,cv2,N0,Illinois,373.9,3397,12565.9
2024,cv2,N0,Illinois,333.2,3305,10894.0
2024,cv2,N0,Illinois,329.9,3305,10786.1
2024,cv2,N0,Illinois,361.3,4028,14399.5
2024,cv2,N0,Illinois,356.3,3305,11649.0
2024,cv2,N0,Illinois,354.8,3718,13051.2
2024,cv2,N0,Illinois,379.3,3305,12404.1
2024,cv2,N0,Illinois,369.1,3397,12404.1
2024,cv2,N0,Illinois,337.0,3397,11325.5
2024,cv2,N0,Illinois,430.4,3052,12997.3
2024,cv3,N0,Iowa,379.0,3260,12223.1
2024,cv3,N0,Iowa,403.0,3164,12617.4
2024,cv3,N0,Iowa,410.2,3164,12842.7
2024,cv3,N0,Iowa,390.7,2972,11490.8
2024,cv3,N0,Iowa,413.7,2972,12166.8
2024,cv3,N0,Iowa,389.7,2936,11321.9
2024,cv3,N0,Iowa,399.9,3260,12899.0
2024,cv3,N0,Iowa,364.5,3452,12448.4
2024,cv3,N0,Iowa,354.5,3260,11434.5
2024,cv3,N0,Iowa,312.3,3883,11997.8
2024,cv3,N0,Illinois,286.3,4361,12350.1
2024,cv3,N0,Illinois,367.8,3305,12026.6
2024,cv3,N0,Illinois,387.7,3121,11972.6
2024,cv3,N0,Illinois,403.4,2892,11541.2
2024,cv3,N0,Illinois,376.0,3305,12296.2
2024,cv3,N0,Illinois,367.8,3305,12026.6
2024,cv3,N0,Illinois,351.3,3305,11487.2
2024,cv3,N0,Illinois,373.2,3213,11864.8
2024,cv3,N0,Illinois,367.8,3305,12026.6
2024,cv3,N0,Illinois,382.6,3305,12511.9
2024,cv4,N0,Iowa,394.2,3525,13748.7
2024,cv4,N0,Iowa,410.1,3133,12713.3
2024,cv4,N0,Iowa,399.9,3329,13173.5
2024,cv4,N0,Iowa,324.4,3745,12023.0
2024,cv4,N0,Iowa,385.9,3329,12713.3
2024,cv4,N0,Iowa,347.3,3231,11102.5
2024,cv4,N0,Iowa,352.4,3745,13058.4
2024,cv4,N0,Iowa,351.0,3329,11562.8
2024,cv4,N0,Iowa,385.9,3133,11965.4
2024,cv4,N0,Iowa,316.7,4039,12655.7
2024,cv4,N0,Illinois,365.6,3643,13180.7
2024,cv4,N0,Illinois,358.6,3667,13011.7
2024,cv4,N0,Illinois,374.9,3356,12448.4
2024,cv4,N0,Illinois,333.7,3667,12110.4
2024,cv4,N0,Illinois,371.1,3452,12673.7
2024,cv4,N0,Illinois,332.2,3667,12054.1
2024,cv4,N0,Illinois,413.9,3356,13744.0
2024,cv4,N0,Illinois,315.7,4075,12730.1
2024,cv4,N0,Illinois,318.1,3955,12448.4
2024,cv4,N0,Illinois,379.3,3452,12955.4
2024,cv5,N0,Iowa,383.5,2944,11170.9
2024,cv5,N0,Iowa,339.5,3103,10423.0
2024,cv5,N0,Iowa,375.5,2944,10937.2
2024,cv5,N0,Iowa,388.3,2944,11311.1
2024,cv5,N0,Iowa,332.5,3481,11451.3
2024,cv5,N0,Iowa,388.3,2944,11311.1
2024,cv5,N0,Iowa,336.5,3580,11918.7
2024,cv5,N0,Iowa,380.9,3312,12479.6
2024,cv5,N0,Iowa,351.9,3222,11217.6
2024,cv5,N0,Iowa,366.5,3222,11685.0
2024,cv5,N0,Illinois,417.3,3452,14250.9
2024,cv5,N0,Illinois,378.5,3835,14363.6
2024,cv5,N0,Illinois,370.8,4099,15039.5
2024,cv5,N0,Illinois,390.6,3643,14081.9
2024,cv5,N0,Illinois,366.6,3991,14476.2
2024,cv5,N0,Illinois,354.2,4099,14363.6
2024,cv5,N0,Illinois,339.1,4315,14476.2
2024,cv5,N0,Illinois,375.0,3643,13518.6
2024,cv5,N0,Illinois,399.6,3548,14025.6
2024,cv5,N0,Illinois,371.1,3835,14081.9
2023,cv6,N0,Texas,256.3,3256,8255.0
2023,cv6,N0,Texas,259.5,3470,8909.4
2023,cv6,N0,Texas,311.3,3170,9765.1
2023,cv6,N0,Texas,287.5,3256,9261.7
2023,cv6,N0,Texas,352.4,2656,9261.7
2023,cv6,N0,Texas,298.4,3256,9614.1
2023,cv6,N0,Texas,304.7,3256,9815.4
2023,cv6,N0,Texas,291.8,2999,8657.7
2023,cv6,N0,Texas,265.6,3256,8557.0
2023,cv6,N0,Texas,287.5,3256,9261.7
2023,cv6,N0,Kentucky,208.2,3902,8035.7
2023,cv6,N0,Kentucky,252.3,3305,8251.4
2023,cv6,N0,Kentucky,267.0,3511,9276.1
2023,cv6,N0,Kentucky,245.7,3305,8035.7
2023,cv6,N0,Kentucky,229.7,3488,7927.8
2023,cv6,N0,Kentucky,307.1,3213,9761.5
2023,cv6,N0,Kentucky,242.2,3488,8359.3
2023,cv6,N0,Kentucky,212.6,3615,7604.2
2023,cv6,N0,Kentucky,202.2,4016,8035.7
2023,cv6,N0,Kentucky,235.8,3121,7280.7
2023,cv7,N0,Texas,256.2,4422,11209.2
2023,cv7,N0,Texas,329.9,3452,11265.5
2023,cv7,N0,Texas,346.4,3188,10927.6
2023,cv7,N0,Texas,307.2,3020,9181.4
2023,cv7,N0,Texas,305.4,3356,10139.0
2023,cv7,N0,Texas,286.3,4315,12223.1
2023,cv7,N0,Texas,291.8,3356,9688.4
2023,cv7,N0,Texas,273.9,3991,10814.9
2023,cv7,N0,Texas,314.1,3643,11321.9
2023,cv7,N0,Texas,326.6,3643,11772.5
2023,cv7,N0,Kentucky,274.7,3524,9575.7
2023,cv7,N0,Kentucky,324.6,3104,9970.0
2023,cv7,N0,Kentucky,283.3,3356,9406.7
2023,cv7,N0,Kentucky,237.5,3356,7885.9
2023,cv7,N0,Kentucky,260.1,3524,9068.8
2023,cv7,N0,Kentucky,291.6,3104,8956.1
2023,cv7,N0,Kentucky,282.4,3104,8674.5
2023,cv7,N0,Kentucky,279.7,3440,9519.4
2023,cv7,N0,Kentucky,335.6,3104,10308.0
2023,cv7,N0,Kentucky,270.0,4027,10758.6
2023,cv8,N0,Texas,296.9,3835,11265.5
2023,cv8,N0,Texas,282.4,3991,11152.9
2023,cv8,N0,Texas,271.0,3991,10702.3
2023,cv8,N0,Texas,281.3,3643,10139.0
2023,cv8,N0,Texas,282.8,3643,10195.3
2023,cv8,N0,Texas,280.5,3835,10645.9
2023,cv8,N0,Texas,295.4,3931,11490.8
2023,cv8,N0,Texas,269.3,4207,11209.2
2023,cv8,N0,Texas,298.4,3643,10758.6
2023,cv8,N0,Texas,289.5,3835,10983.9
2023,cv8,N0,Kentucky,268.0,3699,9807.0
2023,cv8,N0,Kentucky,258.3,3998,10218.1
2023,cv8,N0,Kentucky,260.7,4098,10570.4
2023,cv8,N0,Kentucky,268.1,3586,9513.4
2023,cv8,N0,Kentucky,243.4,3998,9630.8
2023,cv8,N0,Kentucky,271.4,3411,9161.0
2023,cv8,N0,Kentucky,271.4,3586,9630.8
2023,cv8,N0,Kentucky,240.5,3998,9513.4
2023,cv8,N0,Kentucky,212.7,3823,8045.3
2023,cv8,N0,Kentucky,276.9,3236,8867.4
2023,cv9,N0,Texas,299.6,3823,11333.8
2023,cv9,N0,Texas,330.6,3823,12508.3
2023,cv9,N0,Texas,299.9,4373,12978.1
2023,cv9,N0,Texas,322.3,3848,12273.4
2023,cv9,N0,Texas,290.6,4248,12214.7
2023,cv9,N0,Texas,285.6,3823,10805.3
2023,cv9,N0,Texas,285.9,4048,11451.3
2023,cv9,N0,Texas,312.3,4048,12508.3
2023,cv9,N0,Texas,307.4,4248,12919.4
2023,cv9,N0,Texas,291.0,4386,12625.8
2023,cv9,N0,Kentucky,248.7,3321,8173.5
2023,cv9,N0,Kentucky,246.3,3332,8120.8
2023,cv9,N0,Kentucky,296.9,2603,7646.2
2023,cv9,N0,Kentucky,272.3,2603,7013.4
2023,cv9,N0,Kentucky,218.8,3703,8015.3
2023,cv9,N0,Kentucky,243.7,3433,8279.0
2023,cv9,N0,Kentucky,261.9,3052,7909.8
2023,cv9,N0,Kentucky,243.7,3433,8279.0
2023,cv9,N0,Kentucky,252.3,3590,8964.5
2023,cv9,N0,Kentucky,244.7,3332,8068.0
2023,cv10,N0,Kentucky,291.9,3525,10182.1
2023,cv10,N0,Kentucky,345.1,2864,9779.4
2023,cv10,N0,Kentucky,284.6,3084,8686.4
2023,cv10,N0,Kentucky,313.3,2913,9031.6
2023,cv10,N0,Kentucky,303.2,3011,9031.6
2023,cv10,N0,Kentucky,314.3,3256,10124.6
2023,cv10,N0,Kentucky,240.6,3745,8916.6
2023,cv10,N0,Kentucky,298.2,3256,9606.9
2023,cv10,N0,Kentucky,271.4,3427,9204.2
2023,cv10,N0,Kentucky,255.3,4076,10297.2
2023,cv10,N0,Texas,268.8,3566,9482.2
2023,cv10,N0,Texas,268.7,3754,9978.4
2023,cv10,N0,Texas,288.6,3378,9647.6
2023,cv10,N0,Texas,310.1,3378,10364.3
2023,cv10,N0,Texas,261.3,4223,10915.6
2023,cv10,N0,Texas,300.2,3378,10033.5
2023,cv10,N0,Texas,285.9,3566,10088.6
2023,cv10,N0,Texas,294.6,3120,9096.3
2023,cv10,N0,Texas,313.4,3378,10474.6
2023,cv10,N0,Texas,289.5,3695,10584.8
2024,cv6,N0,Kansas,250.6,4386,10873.6
2024,cv6,N0,Kansas,268.3,3553,9430.7
2024,cv6,N0,Kansas,298.4,3333,9843.0
2024,cv6,N0,Kansas,287.0,3684,10461.4
2024,cv6,N0,Kansas,299.8,3597,10667.5
2024,cv6,N0,Kansas,255.9,3684,9327.6
2024,cv6,N0,Kansas,301.3,3509,10461.4
2024,cv6,N0,Kansas,269.9,4342,11595.1
2024,cv6,N0,Kansas,383.4,3070,0.0
2024,cv6,N0,Kansas,306.3,3860,11698.2
2024,cv6,N0,Kentucky,387.6,3672,14081.9
2024,cv6,N0,Kentucky,324.0,4131,13243.0
2024,cv6,N0,Kentucky,351.6,3876,13482.7
2024,cv6,N0,Kentucky,382.8,3876,14681.1
2024,cv6,N0,Kentucky,351.6,3876,13482.7
2024,cv6,N0,Kentucky,405.4,3570,14321.6
2024,cv6,N0,Kentucky,333.4,3978,13123.1
2024,cv6,N0,Kentucky,341.6,4131,13962.1
2024,cv6,N0,Kentucky,365.4,3481,12583.8
2024,cv6,N0,Kentucky,396.7,3481,13662.5
2024,cv7,N0,Kansas,342.8,2656,9010.0
2024,cv7,N0,Kansas,448.3,2474,10973.1
2024,cv7,N0,Kansas,361.3,2999,10721.4
2024,cv7,N0,Kansas,364.3,3170,11426.1
2024,cv7,N0,Kansas,397.2,2549,10016.7
2024,cv7,N0,Kansas,417.1,2549,10520.1
2024,cv7,N0,Kansas,453.0,2549,11426.1
2024,cv7,N0,Kansas,330.1,2913,9513.4
2024,cv7,N0,Kansas,424.6,2624,11023.4
2024,cv7,N0,Kansas,422.7,2624,10973.1
2024,cv7,N0,Kentucky,339.1,3643,12223.1
2024,cv7,N0,Kentucky,379.6,3104,11659.8
2024,cv7,N0,Kentucky,324.2,3548,11378.2
2024,cv7,N0,Kentucky,303.8,3991,11997.8
2024,cv7,N0,Kentucky,351.2,3356,11659.8
2024,cv7,N0,Kentucky,371.3,3020,11096.6
2024,cv7,N0,Kentucky,354.0,3104,10871.2
2024,cv7,N0,Kentucky,368.4,2936,10702.3
2024,cv7,N0,Kentucky,380.0,3356,12617.4
2024,cv7,N0,Kentucky,351.3,3452,11997.8
2024,cv8,N0,Kansas,321.2,3739,11885.1
2024,cv8,N0,Kansas,299.1,4207,12448.4
2024,cv8,N0,Kansas,302.7,3931,11772.5
2024,cv8,N0,Kansas,344.4,3356,11434.5
2024,cv8,N0,Kansas,350.9,3991,13856.6
2024,cv8,N0,Kansas,344.1,3739,12730.1
2024,cv8,N0,Kansas,298.4,3835,11321.9
2024,cv8,N0,Kansas,321.9,4315,13744.0
2024,cv8,N0,Kansas,341.8,3931,13293.3
2024,cv8,N0,Kansas,285.0,4315,12166.8
2024,cv8,N0,Kentucky,390.9,3672,14201.8
2024,cv8,N0,Kentucky,343.8,4016,13662.5
2024,cv8,N0,Kentucky,367.6,3213,11685.0
2024,cv8,N0,Kentucky,358.9,4016,14261.7
2024,cv8,N0,Kentucky,404.6,3787,15160.5
2024,cv8,N0,Kentucky,343.1,3672,12464.0
2024,cv8,N0,Kentucky,306.1,4590,13902.1
2024,cv8,N0,Kentucky,326.6,3672,11864.8
2024,cv8,N0,Kentucky,197.2,4361,8509.1
2024,cv8,N0,Kentucky,353.1,3876,13542.6
2024,cv9,N0,Kansas,387.0,3635,13921.3
2024,cv9,N0,Kansas,389.0,3856,0.0
2024,cv9,N0,Kansas,338.1,3525,11792.9
2024,cv9,N0,Kansas,359.5,3525,12540.7
2024,cv9,N0,Kansas,297.5,4651,13691.2
2024,cv9,N0,Kansas,357.9,3525,12483.2
2024,cv9,N0,Kansas,361.4,3635,13000.9
2024,cv9,N0,Kansas,321.6,4284,13633.7
2024,cv9,N0,Kansas,307.3,3917,11907.9
2024,cv9,N0,Kansas,337.8,3856,12885.9
2024,cv9,N0,Kentucky,369.4,3525,12885.9
2024,cv9,N0,Kentucky,325.7,3856,12425.6
2024,cv9,N0,Kentucky,366.2,3635,13173.5
2024,cv9,N0,Kentucky,319.4,3550,11217.6
2024,cv9,N0,Kentucky,367.7,3415,12425.6
2024,cv9,N0,Kentucky,383.1,3415,12943.4
2024,cv9,N0,Kentucky,374.2,3231,11965.4
2024,cv9,N0,Kentucky,350.8,3745,13000.9
2024,cv9,N0,Kentucky,394.7,3329,13000.9
2024,cv9,N0,Kentucky,325.1,3917,12598.2
2024,cv10,N0,Kansas,317.8,3191,10033.5
2024,cv10,N0,Kansas,303.9,3484,10474.6
2024,cv10,N0,Kansas,390.7,2710,10474.6
2024,cv10,N0,Kansas,354.4,3003,10529.7
2024,cv10,N0,Kansas,318.4,3167,9978.4
2024,cv10,N0,Kansas,347.3,2792,9592.5
2024,cv10,N0,Kansas,320.6,3284,10419.4
2024,cv10,N0,Kansas,332.9,3097,10198.9
2024,cv10,N0,Kansas,352.5,3003,10474.6
2024,cv10,N0,Kansas,352.7,3097,10805.3
2024,cv10,N0,Kentucky,330.1,3260,10645.9
2024,cv10,N0,Kentucky,337.7,3068,10251.6
2024,cv10,N0,Kentucky,303.9,3560,10702.3
2024,cv10,N0,Kentucky,300.4,3260,9688.4
2024,cv10,N0,Kentucky,333.3,2852,9406.7
2024,cv10,N0,Kentucky,371.1,2685,9857.3
2024,cv10,N0,Kentucky,339.0,2972,9970.0
2024,cv10,N0,Kentucky,391.8,2601,10082.7
2024,cv10,N0,Kentucky,373.5,2972,10983.9
2024,cv10,N0,Kentucky,313.1,3164,9801.0
2024,cv6,N0,Texas,278.1,3256,8959.7
2024,cv6,N0,Texas,311.0,2699,8305.3
2024,cv6,N0,Texas,285.3,3084,8708.0
2024,cv6,N0,Texas,291.6,2913,8406.0
2024,cv6,N0,Texas,245.3,3256,7902.7
2024,cv6,N0,Texas,262.2,3084,8003.3
2024,cv6,N0,Texas,245.3,3277,7953.0
2024,cv6,N0,Texas,273.4,3256,8808.7
2024,cv6,N0,Texas,247.8,3470,8506.7
2024,cv6,N0,Texas,260.2,2913,7500.0
2024,cv6,N1,Texas,277.1,2999,8221.4
2024,cv6,N1,Texas,268.6,2999,7969.8
2024,cv6,N1,Texas,287.0,3427,9731.5
2024,cv6,N1,Texas,256.5,3570,9060.4
2024,cv6,N1,Texas,247.0,3124,7634.2
2024,cv6,N1,Texas,215.5,3856,8221.4
2024,cv6,N1,Texas,251.9,3534,8808.7
2024,cv6,N1,Texas,206.7,3856,7885.9
2024,cv6,N1,Texas,203.9,3534,7130.8
2024,cv6,N1,Texas,242.3,3570,8557.0
2024,cv7,N0,Texas,339.3,2874,9647.6
2024,cv7,N0,Texas,290.8,2874,8269.4
2024,cv7,N0,Texas,356.3,2628,9261.7
2024,cv7,N0,Texas,350.6,2956,10254.0
2024,cv7,N0,Texas,329.3,2792,9096.3
2024,cv7,N0,Texas,349.6,2710,9372.0
2024,cv7,N0,Texas,333.5,2874,9482.2
2024,cv7,N0,Texas,321.3,2792,8875.8
2024,cv7,N0,Texas,358.1,2956,10474.6
2024,cv7,N0,Texas,339.3,2710,9096.3
2024,cv7,N1,Texas,277.7,5271,14482.2
2024,cv7,N1,Texas,273.5,5116,13844.6
2024,cv7,N1,Texas,267.2,4341,11476.5
2024,cv7,N1,Texas,293.2,3798,11021.0
2024,cv7,N1,Texas,244.5,5271,12751.6
2024,cv7,N1,Texas,272.8,4961,13389.2
2024,cv7,N1,Texas,296.9,4961,14573.3
2024,cv7,N1,Texas,239.5,4651,11021.0
2024,cv7,N1,Texas,298.7,4961,14664.4
2024,cv7,N1,Texas,305.4,4612,13935.7
2024,cv8,N0,Texas,285.6,3472,9813.0
2024,cv8,N0,Texas,315.4,3038,9482.2
2024,cv8,N0,Texas,389.2,2534,9757.9
2024,cv8,N0,Texas,256.2,3871,9813.0
2024,cv8,N0,Texas,234.0,3191,7387.3
2024,cv8,N0,Texas,274.6,3003,8159.1
2024,cv8,N0,Texas,277.7,3191,8765.5
2024,cv8,N0,Texas,306.8,3378,10254.0
2024,cv8,N0,Texas,268.7,3484,9261.7
2024,cv8,N0,Texas,296.9,3284,9647.6
2024,cv8,N1,Texas,275.8,4039,11023.4
2024,cv8,N1,Texas,257.9,4765,12160.8
2024,cv8,N1,Texas,205.3,3574,7261.5
2024,cv8,N1,Texas,258.4,3388,8661.3
2024,cv8,N1,Texas,258.7,4170,10673.5
2024,cv8,N1,Texas,243.9,4170,10061.1
2024,cv8,N1,Texas,256.7,4617,11723.3
2024,cv8,N1,Texas,259.8,3574,9186.2
2024,cv8,N1,Texas,251.8,4319,10761.0
2024,cv8,N1,Texas,250.9,4617,11460.9
2024,cv9,N0,Texas,270.0,2864,7651.0
2024,cv9,N0,Texas,256.3,3084,7823.6
2024,cv9,N0,Texas,190.3,3635,6845.6
2024,cv9,N0,Texas,277.1,2644,7248.3
2024,cv9,N0,Texas,291.3,2754,7938.6
2024,cv9,N0,Texas,273.1,2534,6845.6
2024,cv9,N0,Texas,236.5,2974,6960.7
2024,cv9,N0,Texas,333.5,2424,7996.1
2024,cv9,N0,Texas,249.8,3305,8168.7
2024,cv9,N0,Texas,310.1,2644,8111.2
2024,cv9,N1,Texas,246.3,3966,9664.4
2024,cv9,N1,Texas,332.1,3966,13029.7
2024,cv9,N1,Texas,273.1,3672,9923.3
2024,cv9,N1,Texas,279.5,4461,12339.4
2024,cv9,N1,Texas,267.9,4296,11390.2
2024,cv9,N1,Texas,285.5,3819,10786.1
2024,cv9,N1,Texas,307.2,3378,10268.4
2024,cv9,N1,Texas,246.9,4627,11303.9
2024,cv9,N1,Texas,324.1,3525,11303.9
2024,cv9,N1,Texas,253.9,4774,11994.2
2024,cv10,N0,Texas,309.1,3191,9757.9
2024,cv10,N0,Texas,309.3,2792,8545.0
2024,cv10,N0,Texas,257.3,3097,7883.5
2024,cv10,N0,Texas,341.2,2874,9702.7
2024,cv10,N0,Texas,286.1,3097,8765.5
2024,cv10,N0,Texas,322.1,3097,9868.1
2024,cv10,N0,Texas,301.4,2792,8324.5
2024,cv10,N0,Texas,309.5,3097,9482.2
2024,cv10,N0,Texas,300.7,2909,8655.3
2024,cv10,N0,Texas,262.0,2956,7663.0
2024,cv10,N1,Texas,345.6,3998,13674.4
2024,cv10,N1,Texas,285.0,4284,12080.5
2024,cv10,N1,Texas,371.0,3749,13758.3
2024,cv10,N1,Texas,332.5,3749,12332.2
2024,cv10,N1,Texas,308.0,4570,13926.1
2024,cv10,N1,Texas,316.0,4427,13842.2
2024,cv10,N1,Texas,304.3,3873,11661.0
2024,cv10,N1,Texas,393.1,3624,14093.9
2024,cv10,N1,Texas,294.9,4284,12499.9
2024,cv10,N1,Texas,306.5,4427,13422.8
