year,variety,population,dummy,reps ,AGW,KN,Yield
2020,CV1,High,1,1,297.5,3754,11169
2020,CV1,High,1,2,283.9,3604,10231
2020,CV1,High,1,3,270.8,4055,10982
2020,CV1,High,1,4,328.1,3604,11826
2020,CV1,High,1,5,298.1,3905,11639
2020,CV1,High,1,6,299.6,4355,13047
2020,CV1,High,1,7,330.4,3154,10418
2020,CV1,High,1,8,355.1,3304,11733
2020,CV1,High,1,9,275.9,4355,12014
2020,CV1,High,1,10,293.1,4355,12765
2020,CV1,High,1,1,267.2,4355,11639
2020,CV1,High,1,2,365.4,3417,12483
2020,CV1,High,1,3,265.1,4355,11545
2020,CV1,High,1,4,301.8,4074,12296
2020,CV1,High,1,5,296.2,4468,13234
2020,CV1,High,1,6,277.6,5106,14173
2020,CV1,High,1,7,361.1,4055,14642
2020,CV1,High,1,8,283.5,4205,11920
2020,CV1,High,1,9,302.0,4599,13891
2020,CV1,High,1,10,345.6,3829,13234
2020,CV1,High,1,1,303.6,5256,15956
2020,CV1,High,1,2,277.8,5744,15956
2020,CV1,High,1,3,283.0,5406,15299
2020,CV1,High,1,4,378.2,4468,16895
2020,CV1,High,1,5,276.3,5707,15768
2020,CV1,High,1,6,305.1,5106,15581
2020,CV1,High,1,7,291.7,6082,17740
2020,CV1,High,1,8,308.8,4468,13797
2020,CV1,High,1,9,265.6,4806,12765
2020,CV2,High,1,1,294.3,3604,10606
2020,CV2,High,1,2,296.3,4055,12014
2020,CV2,High,1,3,256.3,4505,11545
2020,CV2,High,1,4,296.7,3417,10137
2020,CV2,High,1,5,271.6,4355,11826
2020,CV2,High,1,6,295.7,3905,11545
2020,CV2,High,1,7,333.3,3548,11826
2020,CV2,High,1,8,304.7,3604,10982
2020,CV2,High,1,9,295.0,3754,11075
2020,CV2,High,1,10,292.6,3304,9668
2020,CV2,High,1,1,300.4,4562,13704
2020,CV2,High,1,2,277.3,4806,13328
2020,CV2,High,1,3,314.7,4355,13704
2020,CV2,High,1,4,294.4,4655,13704
2020,CV2,High,1,5,273.4,4806,13140
2020,CV2,High,1,6,268.8,4505,12108
2020,CV2,High,1,7,271.5,4806,13047
2020,CV2,High,1,8,265.9,4731,12577
2020,CV2,High,1,9,288.3,4655,13422
2020,CV2,High,1,10,318.9,3679,11733
2020,CV2,High,1,1,348.9,3417,11920
2020,CV2,High,1,2,320.2,3811,12202
2020,CV2,High,1,3,330.7,3604,11920
2020,CV2,High,1,4,310.3,4205,13047
2020,CV2,High,1,5,282.3,4655,13140
2020,CV2,High,1,6,269.1,5406,14548
2020,CV2,High,1,7,268.1,4655,12483
2020,CV2,High,1,8,297.9,4505,13422
2020,CV2,High,1,9,261.6,4055,10606
2020,CV2,High,1,10,267.6,4806,12859
2020,CV3,High,1,1,247.6,3905,9668
2020,CV3,High,1,2,257.2,3905,10043
2020,CV3,High,1,3,278.0,4355,12108
2020,CV3,High,1,4,276.8,4205,11639
2020,CV3,High,1,5,279.0,4205,11733
2020,CV3,High,1,6,246.0,4731,11639
2020,CV3,High,1,7,261.2,4599,12014
2020,CV3,High,1,8,248.9,4336,10794
2020,CV3,High,1,9,278.6,3942,10982
2020,CV3,High,1,10,286.5,3604,10325
2020,CV3,High,1,1,266.5,5106,13610
2020,CV3,High,1,2,241.1,5256,12671
2020,CV3,High,1,3,281.5,4468,12577
2020,CV3,High,1,4,266.5,5106,13610
2020,CV3,High,1,5,277.6,5106,14173
2020,CV3,High,1,6,258.1,4655,12014
2020,CV3,High,1,7,274.6,4956,13610
2020,CV3,High,1,8,248.0,4806,11920
2020,CV3,High,1,9,272.7,4956,13516
2020,CV3,High,1,10,267.9,4731,12671
2020,CV3,High,1,1,243.1,6758,16426
2020,CV3,High,1,2,298.9,4993,14924
2020,CV3,High,1,3,278.6,5256,14642
2020,CV3,High,1,4,296.9,5406,16050
2020,CV3,High,1,5,276.6,5125,14173
2020,CV3,High,1,6,258.2,5744,14830
2020,CV3,High,1,7,312.2,4599,14361
2020,CV3,High,1,8,273.0,5707,15581
2020,CV3,High,1,9,274.3,5406,14830
2020,CV3,High,1,10,278.7,5557,15487
2020,CV4,High,1,1,279.2,4505,12577
2020,CV4,High,1,2,283.7,4731,13422
2020,CV4,High,1,3,322.7,3811,12296
2020,CV4,High,1,4,316.8,3022,9574
2020,CV4,High,1,5,355.1,3304,11733
2020,CV4,High,1,6,309.7,3304,10231
2020,CV4,High,1,7,304.2,3548,10794
2020,CV4,High,1,8,321.4,3679,11826
2020,CV4,High,1,9,245.8,4505,11075
2020,CV4,High,1,10,299.5,3604,10794
2020,CV4,High,1,1,250.0,4655,11639
2020,CV4,High,1,2,279.0,4205,11733
2020,CV4,High,1,3,268.8,4505,12108
2020,CV4,High,1,4,276.2,4655,12859
2020,CV4,High,1,5,294.6,4205,12390
2020,CV4,High,1,6,281.3,5406,15205
2020,CV4,High,1,7,285.7,4599,13140
2020,CV4,High,1,8,285.7,4074,11639
2020,CV4,High,1,9,296.9,4205,12483
2020,CV4,High,1,10,312.5,4956,15487
2020,CV4,High,1,1,333.3,4280,14267
2020,CV4,High,1,2,343.1,3829,13140
2020,CV4,High,1,3,326.8,4280,13985
2020,CV4,High,1,4,323.4,4731,15299
2020,CV4,High,1,5,302.0,4599,13891
2020,CV4,High,1,6,330.4,4205,13891
2020,CV4,High,1,7,330.0,3811,12577
2020,CV4,High,1,8,329.5,4074,13422
2020,CV4,High,1,9,282.3,4355,12296
2020,CV4,High,1,10,296.9,4205,12483
2020,CV5,High,1,1,256.9,4055,10418
2020,CV5,High,1,2,268.1,4655,12483
2020,CV5,High,1,3,275.8,4731,13047
2020,CV5,High,1,4,237.8,4224,10043
2020,CV5,High,1,5,272.9,4505,12296
2020,CV5,High,1,6,289.4,4055,11733
2020,CV5,High,1,7,283.7,3905,11075
2020,CV5,High,1,8,263.9,4055,10700
2020,CV5,High,1,9,256.7,4899,12577
2020,CV5,High,1,10,248.1,4956,12296
2020,CV5,High,1,1,243.8,4505,10982
2020,CV5,High,1,2,266.8,3905,10418
2020,CV5,High,1,3,238.1,3942,9386
2020,CV5,High,1,4,254.8,3942,10043
2020,CV5,High,1,5,239.3,4393,10512
2020,CV5,High,1,6,231.9,4655,10794
2020,CV5,High,1,7,272.3,4205,11451
2020,CV5,High,1,8,276.5,4074,11263
2020,CV5,High,1,9,268.5,4055,10888
2020,CV5,High,1,10,288.1,3942,11357
2020,CV5,High,1,1,285.7,4205,12014
2020,CV5,High,1,2,264.7,5106,13516
2020,CV5,High,1,3,290.5,3942,11451
2020,CV5,High,1,4,265.6,4806,12765
2020,CV5,High,1,5,254.2,5575,14173
2020,CV5,High,1,6,265.2,5237,13891
2020,CV5,High,1,7,295.8,4505,13328
2020,CV5,High,1,8,257.1,5256,13516
2020,CV5,High,1,9,292.3,5106,14924
2020,CV5,High,1,10,283.1,5106,14454
2020,CV6,High,1,1,307.9,4055,12483
2020,CV6,High,1,2,284.2,4393,12483
2020,CV6,High,1,3,303.6,3679,11169
2020,CV6,High,1,4,309.8,3454,10700
2020,CV6,High,1,5,265.6,4205,11169
2020,CV6,High,1,6,283.2,4806,13610
2020,CV6,High,1,7,284.5,4355,12390
2020,CV6,High,1,8,237.0,5068,12014
2020,CV6,High,1,9,296.3,4562,13516
2020,CV6,High,1,10,282.1,4393,12390
2020,CV6,High,1,1,260.9,5575,14548
2020,CV6,High,1,2,252.0,4806,12108
2020,CV6,High,1,3,270.8,4956,13422
2020,CV6,High,1,4,269.4,4599,12390
2020,CV6,High,1,5,230.6,5575,12859
2020,CV6,High,1,6,238.9,5068,12108
2020,CV6,High,1,7,305.8,4205,12859
2020,CV6,High,1,8,294.4,4336,12765
2020,CV6,High,1,9,281.7,4731,13328
2020,CV6,High,1,10,284.9,5237,14924
2020,CV7,High,1,1,314.3,3942,12390
2020,CV7,High,1,2,301.5,5106,15393
2020,CV7,High,1,3,295.0,3754,11075
2020,CV7,High,1,4,265.2,4956,13140
2020,CV7,High,1,5,327.6,4355,14267
2020,CV7,High,1,6,307.4,4336,13328
2020,CV7,High,1,7,294.6,4205,12390
2020,CV7,High,1,8,316.5,4655,14736
2020,CV7,High,1,9,291.0,4806,13985
2020,CV7,High,1,10,304.7,4806,14642
2020,CV7,High,1,1,303.6,4731,14361
2020,CV7,High,1,2,302.0,4599,13891
2020,CV7,High,1,3,299.5,4074,12202
2020,CV7,High,1,4,283.2,4806,13610
2020,CV7,High,1,5,274.3,5406,14830
2020,CV7,High,1,6,295.3,4355,12859
2020,CV7,High,1,7,317.5,3548,11263
2020,CV7,High,1,8,316.3,4599,14548
2020,CV7,High,1,9,363.8,4205,15299
2020,CV7,High,1,10,298.6,4055,12108
2020,CV7,High,1,1,264.1,4655,12296
2020,CV7,High,1,2,260.4,4074,10606
2020,CV7,High,1,3,258.4,4468,11545
2020,CV7,High,1,4,296.5,4336,12859
2020,CV7,High,1,5,265.6,4205,11169
2020,CV7,High,1,6,272.4,5237,14267
2020,CV7,High,1,7,275.6,4224,11639
2020,CV7,High,1,8,284.7,4055,11545
2020,CV7,High,1,9,287.4,3886,11169
2020,CV7,High,1,10,290.2,4205,12202
2020,CV8,High,1,1,322.8,3548,11451
2020,CV8,High,1,2,241.5,3304,7978
2020,CV8,High,1,3,247.6,3905,9668
2020,CV8,High,1,4,250.0,3304,8260
2020,CV8,High,1,5,265.2,4318,11451
2020,CV8,High,1,6,289.8,3304,9574
2020,CV8,High,1,7,285.0,3886,11075
2020,CV8,High,1,8,273.4,3604,9855
2020,CV8,High,1,9,288.5,4393,12671
2020,CV8,High,1,10,268.2,3604,9668
2020,CV8,High,1,1,302.4,4655,14079
2020,CV8,High,1,2,274.2,5237,14361
2020,CV8,High,1,3,290.2,4205,12202
2020,CV8,High,1,4,293.0,4806,14079
2020,CV8,High,1,5,302.1,4505,13610
2020,CV8,High,1,6,300.4,4655,13985
2020,CV8,High,1,7,310.5,4806,14924
2020,CV8,High,1,8,290.9,4355,12671
2020,CV8,High,1,9,313.0,5068,15862
2020,CV8,High,1,10,315.5,3154,9949
2020,CV9,High,1,1,325.7,3285,10700
2020,CV9,High,1,2,285.0,3886,11075
2020,CV9,High,1,3,267.9,4205,11263
2020,CV9,High,1,4,280.0,4224,11826
2020,CV9,High,1,5,271.5,4806,13047
2020,CV9,High,1,6,349.5,3679,12859
2020,CV9,High,1,7,289.6,4505,13047
2020,CV9,High,1,8,287.9,4205,12108
2020,CV9,High,1,9,277.1,4505,12483
2020,CV9,High,1,10,279.8,4731,13234
2020,CV9,High,1,1,264.4,4899,12953
2020,CV9,High,1,2,271.8,4731,12859
2020,CV9,High,1,3,278.6,3604,10043
2020,CV9,High,1,5,326.2,3942,12859
2020,CV9,High,1,6,241.9,4655,11263
2020,CV9,High,1,7,247.1,4899,12108
2020,CV9,High,1,8,255.5,5106,13047
2020,CV9,High,1,9,273.8,4731,12953
2020,CV9,High,1,10,267.6,4806,12859
2020,CV9,High,1,1,278.6,3942,10982
2020,CV9,High,1,2,244.9,4562,11169
2020,CV9,High,1,3,253.3,5632,14267
2020,CV9,High,1,4,258.1,4655,12014
2020,CV9,High,1,5,280.2,4355,12202
2020,CV9,High,1,6,260.1,4655,12108
2020,CV9,High,1,7,254.8,4899,12483
2020,CV9,High,1,8,247.9,4505,11169
2020,CV9,High,1,9,280.2,4355,12202
2020,CV9,High,1,10,256.3,4505,11545
2020,CV10,High,1,1,312.5,3754,11733
2020,CV10,High,1,2,327.4,3154,10325
2020,CV10,High,1,3,330.7,3604,11920
2020,CV10,High,1,4,319.4,4055,12953
2020,CV10,High,1,5,301.9,3886,11733
2020,CV10,High,1,6,312.5,3905,12202
2020,CV10,High,1,7,320.0,3754,12014
2020,CV10,High,1,8,301.3,4393,13234
2020,CV10,High,1,9,314.0,3886,12202
2020,CV10,High,1,10,298.6,4055,12108
2020,CV10,High,1,1,265.6,4806,12765
2020,CV10,High,1,2,273.7,4355,11920
2020,CV10,High,1,3,271.8,4731,12859
2020,CV10,High,1,4,282.3,4655,13140
2020,CV10,High,1,5,305.6,4731,14454
2020,CV10,High,1,6,268.1,4655,12483
2020,CV10,High,1,7,271.6,4355,11826
2020,CV10,High,1,8,299.1,4205,12577
2020,CV10,High,1,9,338.5,3604,12202
2020,CV10,High,1,10,270.8,4055,10982
2020,CV10,High,1,1,285.0,3754,10700
2020,CV10,High,1,2,352.5,3754,13234
2020,CV10,High,1,3,338.1,3304,11169
2020,CV10,High,1,4,258.0,4693,12108
2020,CV10,High,1,5,302.5,3754,11357
2020,CV10,High,1,6,296.3,4562,13516
2020,CV10,High,1,7,329.7,4355,14361
2020,CV10,High,1,8,303.4,4393,13328
2020,CV10,High,1,9,279.8,4731,13234
2020,CV10,High,1,10,318.0,4074,12953
2021,CV1,High,1,1,300.0,5256,15768
2021,CV1,High,1,2,298.2,5256,15675
2021,CV1,High,1,3,310.5,4655,14454
2021,CV1,High,1,4,344.7,4956,17083
2021,CV1,High,1,5,306.5,5237,16050
2021,CV1,High,1,6,330.4,4205,13891
2021,CV1,High,1,7,339.6,4505,15299
2021,CV1,High,1,8,277.8,5744,15956
2021,CV1,High,1,9,298.9,4899,14642
2021,CV1,High,1,10,325.7,4899,15956
2021,CV1,High,1,1,281.3,4806,13516
2021,CV1,High,1,2,322.1,3905,12577
2021,CV1,High,1,3,321.4,4205,13516
2021,CV1,High,1,4,285.2,5068,14454
2021,CV1,High,1,5,257.9,4731,12202
2021,CV1,High,1,6,207.1,5256,10888
2021,CV1,High,1,7,306.3,4505,13797
2021,CV1,High,1,8,283.3,4505,12765
2021,CV1,High,1,9,296.4,4655,13797
2021,CV1,High,1,10,295.3,4355,12859
2021,CV2,High,1,1,296.3,5575,16519
2021,CV2,High,1,2,335.7,3942,13234
2021,CV2,High,1,3,314.5,4655,14642
2021,CV2,High,1,4,316.4,4806,15205
2021,CV2,High,1,5,296.3,5575,16519
2021,CV2,High,1,6,303.1,6007,18209
2021,CV2,High,1,7,357.4,4806,17176
2021,CV2,High,1,8,318.5,5068,16144
2021,CV2,High,1,9,338.4,4355,14736
2021,CV2,High,1,10,351.3,4355,15299
2021,CV2,High,1,1,293.4,5406,15862
2021,CV2,High,1,2,336.4,5106,17176
2021,CV2,High,1,3,349.0,5406,18866
2021,CV2,High,1,4,391.5,5106,19992
2021,CV2,High,1,5,340.9,4956,16895
2021,CV2,High,1,6,337.9,4806,16238
2021,CV2,High,1,7,367.4,4956,18209
2021,CV2,High,1,8,336.1,5557,18678
2021,CV2,High,1,9,369.3,4956,18303
2021,CV2,High,1,10,418.8,4505,18866
2021,CV3,High,1,1,279.4,5106,14267
2021,CV3,High,1,2,264.7,5106,13516
2021,CV3,High,1,3,286.8,5106,14642
2021,CV3,High,1,4,358.5,5106,18303
2021,CV3,High,1,5,299.6,5106,15299
2021,CV3,High,1,6,337.1,4205,14173
2021,CV3,High,1,7,292.1,5237,15299
2021,CV3,High,1,8,330.6,4599,15205
2021,CV3,High,1,9,352.9,5106,18021
2021,CV3,High,1,10,305.0,4862,14830
2021,CV3,High,1,1,279.6,4599,12859
2021,CV3,High,1,2,264.1,4336,11451
2021,CV3,High,1,3,241.1,5256,12671
2021,CV3,High,1,4,259.9,5707,14830
2021,CV3,High,1,5,303.6,4731,14361
2021,CV3,High,1,6,300.4,5125,15393
2021,CV3,High,1,7,246.3,5106,12577
2021,CV3,High,1,8,250.8,6251,15675
2021,CV3,High,1,9,289.4,5125,14830
2021,CV3,High,1,10,276.3,5707,15768
2021,CV4,High,1,1,361.3,4806,17364
2021,CV4,High,1,2,330.1,4806,15862
2021,CV4,High,1,3,310.3,4355,13516
2021,CV4,High,1,4,322.3,4806,15487
2021,CV4,High,1,5,304.2,3548,10794
2021,CV4,High,1,6,369.7,4468,16519
2021,CV4,High,1,7,347.0,4355,15111
2021,CV4,High,1,8,343.8,4505,15487
2021,CV4,High,1,9,333.3,4505,15018
2021,CV4,High,1,10,350.7,5406,18960
2021,CV4,High,1,1,363.3,4599,16707
2021,CV4,High,1,2,286.8,5106,14642
2021,CV4,High,1,3,369.4,4599,16989
2021,CV4,High,1,4,308.8,5106,15768
2021,CV4,High,1,5,342.8,4956,16989
2021,CV4,High,1,6,337.9,4806,16238
2021,CV4,High,1,7,319.3,4468,14267
2021,CV4,High,1,8,289.8,4956,14361
2021,CV4,High,1,9,341.9,5106,17458
2021,CV4,High,1,10,353.6,5256,18584
2021,CV5,High,1,1,333.3,5575,18584
2021,CV5,High,1,2,305.6,5068,15487
2021,CV5,High,1,3,319.9,5575,17833
2021,CV5,High,1,4,328.1,5406,17740
2021,CV5,High,1,5,308.2,5237,16144
2021,CV5,High,1,6,276.0,5406,14924
2021,CV5,High,1,7,307.0,5106,15675
2021,CV5,High,1,8,355.5,4806,17083
2021,CV5,High,1,9,426.4,4336,18490
2021,CV5,High,1,10,369.5,5106,18866
2021,CV5,High,1,1,263.9,5406,14267
2021,CV5,High,1,2,236.1,5406,12765
2021,CV5,High,1,3,246.1,4806,11826
2021,CV5,High,1,4,282.2,4956,13985
2021,CV5,High,1,5,238.9,5068,12108
2021,CV5,High,1,6,284.9,5106,14548
2021,CV5,High,1,7,282.3,4355,12296
2021,CV5,High,1,8,253.9,4806,12202
2021,CV5,High,1,9,284.7,5406,15393
2021,CV5,High,1,10,262.2,5406,14173
2021,CV6,High,1,1,354.2,4956,17552
2021,CV6,High,1,2,300.7,5744,17270
2021,CV6,High,1,3,359.4,4806,17270
2021,CV6,High,1,4,299.0,5744,17176
2021,CV6,High,1,5,299.0,5744,17176
2021,CV6,High,1,6,336.4,6195,20837
2021,CV6,High,1,7,295.8,5744,16989
2021,CV6,High,1,8,305.6,5406,16519
2021,CV6,High,1,9,327.2,5106,16707
2021,CV6,High,1,10,271.6,6082,16519
2021,CV6,High,1,1,282.7,5744,16238
2021,CV6,High,1,2,293.4,5406,15862
2021,CV6,High,1,3,257.6,4956,12765
2021,CV6,High,1,4,398.1,4055,16144
2021,CV6,High,1,5,246.7,5744,14173
2021,CV6,High,1,6,326.2,4806,15675
2021,CV6,High,1,7,318.2,4956,15768
2021,CV6,High,1,8,260.4,4505,11733
2021,CV6,High,1,9,263.9,5406,14267
2021,CV6,High,1,10,270.3,6251,16895
2021,CV7,High,1,1,318.5,4655,14830
2021,CV7,High,1,2,303.3,5106,15487
2021,CV7,High,1,3,359.8,4956,17833
2021,CV7,High,1,4,399.6,4956,19804
2021,CV7,High,1,5,395.1,4205,16613
2021,CV7,High,1,6,318.2,4956,15768
2021,CV7,High,1,7,354.9,4205,14924
2021,CV7,High,1,8,336.6,5744,19335
2021,CV7,High,1,9,348.5,4956,17270
2021,CV7,High,1,10,378.7,5106,19335
2021,CV7,High,1,1,277.8,5575,15487
2021,CV7,High,1,2,295.1,5406,15956
2021,CV7,High,1,3,259.9,5237,13610
2021,CV7,High,1,4,279.2,4505,12577
2021,CV7,High,1,5,277.1,4505,12483
2021,CV7,High,1,6,296.0,5106,15111
2021,CV7,High,1,7,287.9,5575,16050
2021,CV7,High,1,8,276.5,4956,13704
2021,CV7,High,1,9,250.0,5744,14361
2021,CV7,High,1,10,267.6,4806,12859
2021,CV8,High,1,1,331.4,4956,16426
2021,CV8,High,1,2,340.3,5406,18397
2021,CV8,High,1,3,287.4,4899,14079
2021,CV8,High,1,4,321.7,5632,18115
2021,CV8,High,1,5,279.6,5068,14173
2021,CV8,High,1,6,309.3,5068,15675
2021,CV8,High,1,7,368.5,5068,18678
2021,CV8,High,1,8,281.3,6007,16895
2021,CV8,High,1,9,291.7,5406,15768
2021,CV8,High,1,10,310.6,6195,19241
2021,CV8,High,1,1,267.0,5237,13985
2021,CV8,High,1,2,348.5,4956,17270
2021,CV8,High,1,3,314.4,4956,15581
2021,CV8,High,1,4,297.8,5106,15205
2021,CV8,High,1,5,323.5,5106,16519
2021,CV8,High,1,6,231.8,4899,11357
2021,CV8,High,1,7,349.6,4806,16801
2021,CV8,High,1,8,314.8,5068,15956
2021,CV8,High,1,9,295.3,4355,12859
2021,CV8,High,1,10,269.4,5819,15675
2021,CV9,High,1,1,346.0,4205,14548
2021,CV9,High,1,2,392.6,4806,18866
2021,CV9,High,1,3,393.4,5106,20086
2021,CV9,High,1,4,312.5,4956,15487
2021,CV9,High,1,5,397.1,5106,20274
2021,CV9,High,1,6,412.9,4205,17364
2021,CV9,High,1,7,382.8,4806,18397
2021,CV9,High,1,8,337.2,4899,16519
2021,CV9,High,1,9,351.3,5237,18397
2021,CV9,High,1,10,353.7,5068,17927
2021,CV9,High,1,1,341.5,4205,14361
2021,CV9,High,1,2,245.2,5819,14267
2021,CV9,High,1,3,279.6,5237,14642
2021,CV9,High,1,4,336.7,4655,15675
2021,CV9,High,1,5,318.4,4806,15299
2021,CV9,High,1,6,295.7,5237,15487
2021,CV9,High,1,7,288.2,5406,15581
2021,CV9,High,1,8,332.0,4806,15956
2021,CV9,High,1,9,316.4,4806,15205
2021,CV9,High,1,10,258.7,5406,13985
2021,CV10,High,1,1,410.4,4505,18490
2021,CV10,High,1,2,353.0,5237,18490
2021,CV10,High,1,3,292.2,6007,17552
2021,CV10,High,1,4,350.7,5406,18960
2021,CV10,High,1,5,338.2,5744,19429
2021,CV10,High,1,6,404.0,4205,16989
2021,CV10,High,1,7,392.4,5406,21212
2021,CV10,High,1,8,384.2,5106,19617
2021,CV10,High,1,9,380.9,4806,18303
2021,CV10,High,1,10,378.5,5406,20461
2021,CV10,High,1,1,306.5,4899,15018
2021,CV10,High,1,2,294.6,5575,16426
2021,CV10,High,1,3,368.3,4205,15487
2021,CV10,High,1,4,331.5,5068,16801
2021,CV10,High,1,5,341.8,4806,16426
2021,CV10,High,1,6,279.8,4562,12765
2021,CV10,High,1,7,320.8,5237,16801
2021,CV10,High,1,8,292.6,5068,14830
2021,CV10,High,1,9,331.3,4505,14924
2021,CV10,High,1,10,181.0,5237,9480
2020,CV1,Low,0,1,326.0,3509,11441
2020,CV1,Low,0,2,298.8,3948,11797
2020,CV1,Low,0,3,324.6,2940,9544
2020,CV1,Low,0,4,316.5,3521,11145
2020,CV1,Low,0,5,324.2,3035,9840
2020,CV1,Low,0,6,337.1,3130,10552
2020,CV1,Low,0,7,341.7,2845,9722
2020,CV1,Low,0,8,333.3,3130,10433
2020,CV1,Low,0,9,342.7,2751,9426
2020,CV1,Low,0,10,337.5,3320,11204
2020,CV1,Low,0,1,328.9,3154,10374
2020,CV1,Low,0,2,354.7,3509,12449
2020,CV1,Low,0,3,339.7,3699,12567
2020,CV1,Low,0,4,322.4,3604,11619
2020,CV1,Low,0,5,278.0,3604,10018
2020,CV1,Low,0,6,347.0,3604,12508
2020,CV1,Low,0,7,305.1,3984,12152
2020,CV1,Low,0,8,312.3,3948,12330
2020,CV1,Low,0,9,323.2,3889,12567
2020,CV1,Low,0,10,278.0,3604,10018
2020,CV1,Low,0,1,295.8,4268,12627
2020,CV1,Low,0,2,313.9,4268,13397
2020,CV1,Low,0,3,346.9,3794,13160
2020,CV1,Low,0,4,293.1,4268,12508
2020,CV1,Low,0,5,330.4,3984,13160
2020,CV1,Low,0,6,325.7,3604,11737
2020,CV1,Low,0,7,326.9,3699,12093
2020,CV1,Low,0,8,251.4,4268,10730
2020,CV1,Low,0,9,363.8,3699,13457
2020,CV1,Low,0,10,317.3,3699,11737
2020,CV2,Low,0,1,310.7,3320,10315
2020,CV2,Low,0,2,339.8,2739,9307
2020,CV2,Low,0,3,321.2,3415,10967
2020,CV2,Low,0,4,322.3,3237,10433
2020,CV2,Low,0,5,293.4,3071,9011
2020,CV2,Low,0,6,361.1,2561,9248
2020,CV2,Low,0,7,288.2,3415,9840
2020,CV2,Low,0,8,377.2,2656,10018
2020,CV2,Low,0,9,299.0,3509,10493
2020,CV2,Low,0,10,280.1,3154,8833
2020,CV2,Low,0,1,317.1,3889,12330
2020,CV2,Low,0,2,369.1,3035,11204
2020,CV2,Low,0,3,314.0,3889,12212
2020,CV2,Low,0,4,303.3,3948,11975
2020,CV2,Low,0,5,322.4,3604,11619
2020,CV2,Low,0,6,407.6,2822,11500
2020,CV2,Low,0,7,353.6,3320,11737
2020,CV2,Low,0,8,337.2,3604,12152
2020,CV2,Low,0,9,357.4,3035,10848
2020,CV2,Low,0,10,351.1,3225,11322
2020,CV2,Low,0,1,360.5,4078,14701
2020,CV2,Low,0,2,352.1,3889,13694
2020,CV2,Low,0,3,309.7,4268,13219
2020,CV2,Low,0,4,342.9,3699,12686
2020,CV2,Low,0,5,356.1,4078,14524
2020,CV2,Low,0,6,309.1,4161,12864
2020,CV2,Low,0,7,339.5,3509,11915
2020,CV2,Low,0,8,323.7,3699,11975
2020,CV2,Low,0,9,375.9,3154,11856
2020,CV2,Low,0,10,343.8,3794,13042
2020,CV3,Low,0,1,296.5,3699,10967
2020,CV3,Low,0,2,276.2,3841,10611
2020,CV3,Low,0,3,307.7,3699,11382
2020,CV3,Low,0,4,336.5,3154,10611
2020,CV3,Low,0,5,331.5,3237,10730
2020,CV3,Low,0,6,309.1,3509,10848
2020,CV3,Low,0,7,301.6,3735,11263
2020,CV3,Low,0,8,317.7,3415,10848
2020,CV3,Low,0,9,287.2,3509,10078
2020,CV3,Low,0,10,324.3,3509,11382
2020,CV3,Low,0,1,301.8,3889,11737
2020,CV3,Low,0,2,333.8,3889,12982
2020,CV3,Low,0,3,297.6,3984,11856
2020,CV3,Low,0,4,344.6,3699,12745
2020,CV3,Low,0,6,310.8,3509,10908
2020,CV3,Low,0,7,304.5,3699,11263
2020,CV3,Low,0,8,293.8,3794,11145
2020,CV3,Low,0,9,333.3,3415,11382
2020,CV3,Low,0,10,331.8,3984,13219
2020,CV3,Low,0,1,318.5,3984,12686
2020,CV3,Low,0,2,314.2,3415,10730
2020,CV3,Low,0,3,355.3,3604,12804
2020,CV3,Low,0,4,301.8,3889,11737
2020,CV3,Low,0,5,342.2,3794,12982
2020,CV3,Low,0,6,326.0,3509,11441
2020,CV3,Low,0,7,277.5,4742,13160
2020,CV3,Low,0,8,310.9,3794,11797
2020,CV3,Low,0,9,301.4,4268,12864
2020,CV3,Low,0,10,317.7,4161,13219
2020,CV4,Low,0,1,290.1,3841,11145
2020,CV4,Low,0,2,336.1,2822,9485
2020,CV4,Low,0,3,352.8,2739,9663
2020,CV4,Low,0,4,311.4,3521,10967
2020,CV4,Low,0,5,338.2,3225,10908
2020,CV4,Low,0,6,354.2,2845,10078
2020,CV4,Low,0,7,310.7,3225,10018
2020,CV4,Low,0,8,314.2,3509,11026
2020,CV4,Low,0,9,304.1,4055,12330
2020,CV4,Low,0,10,339.0,3130,10611
2020,CV4,Low,0,1,320.9,3509,11263
2020,CV4,Low,0,2,348.2,3320,11560
2020,CV4,Low,0,3,344.3,3237,11145
2020,CV4,Low,0,4,337.8,3509,11856
2020,CV4,Low,0,5,355.3,3154,11204
2020,CV4,Low,0,6,339.3,3320,11263
2020,CV4,Low,0,7,321.9,3628,11678
2020,CV4,Low,0,8,332.8,3509,11678
2020,CV4,Low,0,9,329.7,3794,12508
2020,CV4,Low,0,10,366.3,3415,12508
2020,CV4,Low,0,1,329.3,3889,12804
2020,CV4,Low,0,2,335.4,3889,13042
2020,CV4,Low,0,3,346.9,3794,13160
2020,CV4,Low,0,4,379.7,3794,14405
2020,CV4,Low,0,5,367.2,3794,13931
2020,CV4,Low,0,6,356.7,3889,13872
2020,CV4,Low,0,7,360.2,3604,12982
2020,CV4,Low,0,8,342.9,3509,12034
2020,CV4,Low,0,9,307.6,4375,13457
2020,CV4,Low,0,10,370.1,3604,13338
2020,CV5,Low,0,1,281.1,3521,9900
2020,CV5,Low,0,2,310.6,3130,9722
2020,CV5,Low,0,3,344.8,2751,9485
2020,CV5,Low,0,4,305.4,3320,10137
2020,CV5,Low,0,5,336.7,2940,9900
2020,CV5,Low,0,6,268.3,3735,10018
2020,CV5,Low,0,7,299.3,3604,10789
2020,CV5,Low,0,8,299.0,3628,10848
2020,CV5,Low,0,9,302.3,3628,10967
2020,CV5,Low,0,10,296.8,3735,11085
2020,CV5,Low,0,1,326.8,3320,10848
2020,CV5,Low,0,2,324.0,3604,11678
2020,CV5,Low,0,3,279.3,3841,10730
2020,CV5,Low,0,4,324.3,3509,11382
2020,CV5,Low,0,5,299.0,3509,10493
2020,CV5,Low,0,6,294.8,3841,11322
2020,CV5,Low,0,7,332.1,3320,11026
2020,CV5,Low,0,8,296.9,3794,11263
2020,CV5,Low,0,9,290.8,3628,10552
2020,CV5,Low,0,10,322.4,3604,11619
2020,CV5,Low,0,1,327.3,3604,11797
2020,CV5,Low,0,2,335.5,3604,12093
2020,CV5,Low,0,3,321.0,3841,12330
2020,CV5,Low,0,4,298.1,3699,11026
2020,CV5,Low,0,5,351.1,3225,11322
2020,CV5,Low,0,6,294.3,3948,11619
2020,CV5,Low,0,7,345.4,3604,12449
2020,CV5,Low,0,8,341.1,3320,11322
2020,CV5,Low,0,9,324.0,3604,11678
2020,CV5,Low,0,10,307.2,3628,11145
2020,CV6,Low,0,1,335.4,3889,13042
2020,CV6,Low,0,2,330.2,3735,12330
2020,CV6,Low,0,3,307.7,4161,12804
2020,CV6,Low,0,4,334.9,3841,12864
2020,CV6,Low,0,5,270.8,4268,11560
2020,CV6,Low,0,6,299.1,4161,12449
2020,CV6,Low,0,7,336.7,3521,11856
2020,CV6,Low,0,8,292.6,4031,11797
2020,CV6,Low,0,9,379.9,3308,12567
2020,CV6,Low,0,10,328.7,3841,12627
2020,CV6,Low,0,1,292.3,4482,13101
2020,CV6,Low,0,2,346.9,3794,13160
2020,CV6,Low,0,3,316.5,4588,14524
2020,CV6,Low,0,4,326.9,4588,14998
2020,CV6,Low,0,5,349.7,3984,13931
2020,CV6,Low,0,6,346.0,3889,13457
2020,CV6,Low,0,7,339.1,3794,12864
2020,CV6,Low,0,8,306.3,4161,12745
2020,CV6,Low,0,9,340.3,4268,14524
2020,CV6,Low,0,10,322.5,3841,12390
2020,CV7,Low,0,1,381.3,2845,10848
2020,CV7,Low,0,2,321.2,3415,10967
2020,CV7,Low,0,3,390.6,2656,10374
2020,CV7,Low,0,4,338.8,3604,12212
2020,CV7,Low,0,5,360.3,3521,12686
2020,CV7,Low,0,6,363.6,3130,11382
2020,CV7,Low,0,7,334.0,3071,10255
2020,CV7,Low,0,8,377.9,2573,9722
2020,CV7,Low,0,9,353.2,2988,10552
2020,CV7,Low,0,10,328.9,3604,11856
2020,CV7,Low,0,1,334.7,2940,9840
2020,CV7,Low,0,2,309.1,3509,10848
2020,CV7,Low,0,3,367.6,2822,10374
2020,CV7,Low,0,4,315.7,3699,11678
2020,CV7,Low,0,5,316.6,3071,9722
2020,CV7,Low,0,6,317.9,3320,10552
2020,CV7,Low,0,7,265.6,3794,10078
2020,CV7,Low,0,8,288.2,3415,9840
2020,CV7,Low,0,9,325.4,2988,9722
2020,CV7,Low,0,10,308.9,3320,10255
2020,CV7,Low,0,1,281.7,4482,12627
2020,CV7,Low,0,2,312.5,3794,11856
2020,CV7,Low,0,3,327.0,4078,13338
2020,CV7,Low,0,4,296.7,4375,12982
2020,CV7,Low,0,5,273.6,4268,11678
2020,CV7,Low,0,6,387.5,3320,12864
2020,CV7,Low,0,7,373.2,3320,12390
2020,CV7,Low,0,8,330.6,3604,11915
2020,CV7,Low,0,9,301.8,3948,11915
2020,CV7,Low,0,10,346.9,3794,13160
2020,CV8,Low,0,1,326.6,3521,11500
2020,CV8,Low,0,2,300.3,3415,10255
2020,CV8,Low,0,3,307.1,3320,10196
2020,CV8,Low,0,4,365.6,3308,12093
2020,CV8,Low,0,5,334.8,3948,13219
2020,CV8,Low,0,6,349.6,3035,10611
2020,CV8,Low,0,7,350.0,3320,11619
2020,CV8,Low,0,8,358.4,3308,11856
2020,CV8,Low,0,9,371.0,3308,12271
2020,CV8,Low,0,10,342.6,3201,10967
2020,CV8,Low,0,1,348.4,3794,13219
2020,CV8,Low,0,2,338.1,3699,12508
2020,CV8,Low,0,3,317.3,3699,11737
2020,CV8,Low,0,4,347.8,3699,12864
2020,CV8,Low,0,5,348.0,3509,12212
2020,CV8,Low,0,6,381.9,3415,13042
2020,CV8,Low,0,7,343.8,3604,12390
2020,CV8,Low,0,8,280.8,3948,11085
2020,CV8,Low,0,9,338.0,3841,12982
2020,CV8,Low,0,10,357.1,3735,13338
2020,CV9,Low,0,1,292.9,3521,10315
2020,CV9,Low,0,2,350.0,3320,11619
2020,CV9,Low,0,3,334.6,3225,10789
2020,CV9,Low,0,4,319.9,3521,11263
2020,CV9,Low,0,5,333.3,3130,10433
2020,CV9,Low,0,6,302.3,3628,10967
2020,CV9,Low,0,7,331.5,3308,10967
2020,CV9,Low,0,8,304.7,3794,11560
2020,CV9,Low,0,9,295.6,3509,10374
2020,CV9,Low,0,10,305.6,3415,10433
2020,CV9,Low,0,1,294.1,3628,10670
2020,CV9,Low,0,2,293.2,3841,11263
2020,CV9,Low,0,3,360.3,3225,11619
2020,CV9,Low,0,4,333.9,3604,12034
2020,CV9,Low,0,5,334.9,3699,12390
2020,CV9,Low,0,6,366.6,3509,12864
2020,CV9,Low,0,7,305.1,3984,12152
2020,CV9,Low,0,8,332.8,3794,12627
2020,CV9,Low,0,9,344.3,3237,11145
2020,CV9,Low,0,10,332.8,3509,11678
2020,CV9,Low,0,1,362.5,3320,12034
2020,CV9,Low,0,2,280.4,4482,12567
2020,CV9,Low,0,3,302.2,4375,13219
2020,CV9,Low,0,4,328.6,3735,12271
2020,CV9,Low,0,5,310.8,3948,12271
2020,CV9,Low,0,6,326.6,3794,12390
2020,CV9,Low,0,7,328.7,3841,12627
2020,CV9,Low,0,8,333.3,3415,11382
2020,CV9,Low,0,9,340.5,3604,12271
2020,CV9,Low,0,10,315.8,3604,11382
2020,CV10,Low,0,1,276.1,3521,9722
2020,CV10,Low,0,2,316.7,2845,9011
2020,CV10,Low,0,3,288.5,3308,9544
2020,CV10,Low,0,4,329.2,2845,9366
2020,CV10,Low,0,5,298.6,3415,10196
2020,CV10,Low,0,6,327.8,3201,10493
2020,CV10,Low,0,7,310.3,3094,9603
2020,CV10,Low,0,8,345.6,2573,8892
2020,CV10,Low,0,9,297.5,3308,9840
2020,CV10,Low,0,10,326.6,2940,9603
2020,CV10,Low,0,1,351.9,3201,11263
2020,CV10,Low,0,2,363.5,3604,13101
2020,CV10,Low,0,3,314.3,3320,10433
2020,CV10,Low,0,4,303.0,3521,10670
2020,CV10,Low,0,5,296.4,3320,9840
2020,CV10,Low,0,6,330.4,3320,10967
2020,CV10,Low,0,7,331.1,3509,11619
2020,CV10,Low,0,8,314.1,3604,11322
2020,CV10,Low,0,9,317.7,3415,10848
2020,CV10,Low,0,10,261.1,4268,11145
2020,CV10,Low,0,1,371.6,3509,13042
2020,CV10,Low,0,2,401.2,3841,15413
2020,CV10,Low,0,3,400.7,3225,12923
2020,CV10,Low,0,4,361.9,3948,14286
2020,CV10,Low,0,5,385.4,3415,13160
2020,CV10,Low,0,6,350.4,4161,14583
2020,CV10,Low,0,7,339.3,3948,13397
2020,CV10,Low,0,8,324.8,4161,13516
2020,CV10,Low,0,9,353.4,3841,13575
2020,CV10,Low,0,10,392.1,3735,14642
2021,CV1,Low,0,1,359.6,3841,13812
2021,CV1,Low,0,2,297.8,3841,11441
2021,CV1,Low,0,3,350.3,3841,13457
2021,CV1,Low,0,4,349.0,4161,14524
2021,CV1,Low,0,5,322.8,3948,12745
2021,CV1,Low,0,6,359.6,4055,14583
2021,CV1,Low,0,7,310.8,4387,13634
2021,CV1,Low,0,8,347.0,3604,12508
2021,CV1,Low,0,9,312.3,3948,12330
2021,CV1,Low,0,10,361.1,4268,15413
2021,CV1,Low,0,1,329.2,4268,14049
2021,CV1,Low,0,2,349.2,3735,13042
2021,CV1,Low,0,3,432.1,3320,14346
2021,CV1,Low,0,4,371.7,3604,13397
2021,CV1,Low,0,5,316.8,3948,12508
2021,CV1,Low,0,6,405.4,3509,14227
2021,CV1,Low,0,7,375.0,3841,14405
2021,CV1,Low,0,8,323.5,3225,10433
2021,CV1,Low,0,9,380.1,4055,15413
2021,CV1,Low,0,10,296.3,3841,11382
2021,CV2,Low,0,1,330.9,4031,13338
2021,CV2,Low,0,2,450.4,3225,14524
2021,CV2,Low,0,3,384.0,3628,13931
2021,CV2,Low,0,4,422.8,3225,13634
2021,CV2,Low,0,5,378.1,3841,14524
2021,CV2,Low,0,6,395.3,3509,13872
2021,CV2,Low,0,7,418.2,3841,16065
2021,CV2,Low,0,8,366.7,3735,13694
2021,CV2,Low,0,9,337.5,4268,14405
2021,CV2,Low,0,10,407.1,3320,13516
2021,CV2,Low,0,1,358.9,3320,11915
2021,CV2,Low,0,2,386.4,3130,12093
2021,CV2,Low,0,3,420.5,3130,13160
2021,CV2,Low,0,4,340.1,3521,11975
2021,CV2,Low,0,5,414.9,3415,14168
2021,CV2,Low,0,6,325.6,3841,12508
2021,CV2,Low,0,7,400.7,3225,12923
2021,CV2,Low,0,8,458.3,3415,15650
2021,CV2,Low,0,9,346.9,3794,13160
2021,CV2,Low,0,10,424.3,3604,15294
2021,CV3,Low,0,1,314.3,2905,9129
2021,CV3,Low,0,2,382.9,2988,11441
2021,CV3,Low,0,3,393.9,3130,12330
2021,CV3,Low,0,4,396.8,2988,11856
2021,CV3,Low,0,5,309.5,3735,11560
2021,CV3,Low,0,6,375.0,3415,12804
2021,CV3,Low,0,7,378.5,3415,12923
2021,CV3,Low,0,8,375.0,3415,12804
2021,CV3,Low,0,9,413.1,3071,12686
2021,CV3,Low,0,10,400.0,2905,11619
2021,CV3,Low,0,1,368.6,3699,13634
2021,CV3,Low,0,2,360.9,3794,13694
2021,CV3,Low,0,3,334.8,4161,13931
2021,CV3,Low,0,4,349.6,4375,15294
2021,CV3,Low,0,5,358.6,3984,14286
2021,CV3,Low,0,6,295.9,4588,13575
2021,CV3,Low,0,7,327.6,4505,14761
2021,CV3,Low,0,8,325.4,4482,14583
2021,CV3,Low,0,9,346.5,4055,14049
2021,CV3,Low,0,10,340.1,4078,13872
2021,CV4,Low,0,1,357.8,3794,13575
2021,CV4,Low,0,2,368.8,3841,14168
2021,CV4,Low,0,3,357.7,4375,15650
2021,CV4,Low,0,4,414.7,2988,12390
2021,CV4,Low,0,5,393.5,3841,15116
2021,CV4,Low,0,6,408.7,3699,15116
2021,CV4,Low,0,7,388.5,3509,13634
2021,CV4,Low,0,8,346.5,4055,14049
2021,CV4,Low,0,9,399.7,3604,14405
2021,CV4,Low,0,10,412.5,3521,14524
2021,CV4,Low,0,1,393.6,3509,13812
2021,CV4,Low,0,2,350.7,3415,11975
2021,CV4,Low,0,3,347.2,3415,11856
2021,CV4,Low,0,4,380.3,4161,15828
2021,CV4,Low,0,5,375.0,3415,12804
2021,CV4,Low,0,6,373.5,3841,14346
2021,CV4,Low,0,7,399.3,3415,13634
2021,CV4,Low,0,8,388.5,3509,13634
2021,CV4,Low,0,9,354.7,3509,12449
2021,CV4,Low,0,10,453.0,3154,14286
2021,CV5,Low,0,1,322.6,3675,11856
2021,CV5,Low,0,2,368.4,3604,13279
2021,CV5,Low,0,3,342.9,3735,12804
2021,CV5,Low,0,4,356.7,3557,12686
2021,CV5,Low,0,5,377.5,3628,13694
2021,CV5,Low,0,6,422.3,3130,13219
2021,CV5,Low,0,7,322.1,4031,12982
2021,CV5,Low,0,8,385.4,3415,13160
2021,CV5,Low,0,9,347.2,3841,13338
2021,CV5,Low,0,10,359.1,3912,14049
2021,CV5,Low,0,1,370.2,3699,13694
2021,CV5,Low,0,2,342.1,4055,13872
2021,CV5,Low,0,3,392.4,3415,13397
2021,CV5,Low,0,4,346.3,3509,12152
2021,CV5,Low,0,5,327.5,4055,13279
2021,CV5,Low,0,6,381.9,3415,13042
2021,CV5,Low,0,7,330.4,4055,13397
2021,CV5,Low,0,8,339.7,3735,12686
2021,CV5,Low,0,9,406.3,3415,13872
2021,CV5,Low,0,10,355.9,3948,14049
2021,CV6,Low,0,1,336.5,3735,12567
2021,CV6,Low,0,2,378.4,3948,14939
2021,CV6,Low,0,3,373.9,3948,14761
2021,CV6,Low,0,4,378.5,3415,12923
2021,CV6,Low,0,5,441.1,3320,14642
2021,CV6,Low,0,6,384.1,3735,14346
2021,CV6,Low,0,7,441.0,3415,15057
2021,CV6,Low,0,8,333.3,3841,12804
2021,CV6,Low,0,9,392.2,3628,14227
2021,CV6,Low,0,10,396.8,3735,14820
2021,CV6,Low,0,1,359.6,4055,14583
2021,CV6,Low,0,2,419.6,3320,13931
2021,CV6,Low,0,3,384.9,3604,13872
2021,CV6,Low,0,4,355.3,4055,14405
2021,CV6,Low,0,5,408.8,4161,17013
2021,CV6,Low,0,6,407.1,3320,13516
2021,CV6,Low,0,7,370.4,3841,14227
2021,CV6,Low,0,8,317.1,4505,14286
2021,CV6,Low,0,9,361.5,3509,12686
2021,CV6,Low,0,10,354.7,3509,12449
2021,CV7,Low,0,1,398.9,3225,12864
2021,CV7,Low,0,2,424.2,3130,13279
2021,CV7,Low,0,3,431.8,3130,13516
2021,CV7,Low,0,4,411.3,2940,12093
2021,CV7,Low,0,5,435.5,2940,12804
2021,CV7,Low,0,6,410.2,2905,11915
2021,CV7,Low,0,7,421.0,3225,13575
2021,CV7,Low,0,8,383.7,3415,13101
2021,CV7,Low,0,9,373.2,3225,12034
2021,CV7,Low,0,10,328.7,3841,12627
2021,CV7,Low,0,1,301.3,4505,13575
2021,CV7,Low,0,2,387.2,3415,13219
2021,CV7,Low,0,3,408.1,3225,13160
2021,CV7,Low,0,4,424.6,2988,12686
2021,CV7,Low,0,5,395.8,3415,13516
2021,CV7,Low,0,6,387.2,3415,13219
2021,CV7,Low,0,7,369.8,3415,12627
2021,CV7,Low,0,8,392.9,3320,13042
2021,CV7,Low,0,9,387.2,3415,13219
2021,CV7,Low,0,10,402.8,3415,13753
2021,CV8,Low,0,1,447.0,3130,13990
2021,CV8,Low,0,2,337.1,4150,13990
2021,CV8,Low,0,3,411.8,3225,13279
2021,CV8,Low,0,4,403.6,3320,13397
2021,CV8,Low,0,5,378.5,3415,12923
2021,CV8,Low,0,6,405.4,3320,13457
2021,CV8,Low,0,7,409.1,3521,14405
2021,CV8,Low,0,8,328.3,3521,11560
2021,CV8,Low,0,9,376.6,3794,14286
2021,CV8,Low,0,10,419.9,3628,15235
2021,CV8,Low,0,1,413.4,3628,14998
2021,CV8,Low,0,2,424.2,3130,13279
2021,CV8,Low,0,3,432.1,3320,14346
2021,CV8,Low,0,4,434.6,3628,15768
2021,CV8,Low,0,5,362.9,4150,15057
2021,CV8,Low,0,6,375.0,3415,12804
2021,CV8,Low,0,7,397.1,3628,14405
2021,CV8,Low,0,8,390.0,3557,13872
2021,CV8,Low,0,9,413.4,3628,14998
2021,CV8,Low,0,10,413.6,3225,13338
2021,CV9,Low,0,1,414.9,3415,14168
2021,CV9,Low,0,2,431.6,3035,13101
2021,CV9,Low,0,3,421.0,3225,13575
2021,CV9,Low,0,4,341.5,3628,12390
2021,CV9,Low,0,5,406.3,3225,13101
2021,CV9,Low,0,6,365.5,3130,11441
2021,CV9,Low,0,7,370.9,3628,13457
2021,CV9,Low,0,8,369.5,3225,11915
2021,CV9,Low,0,9,406.3,3035,12330
2021,CV9,Low,0,10,333.3,3912,13042
2021,CV9,Low,0,1,384.9,3604,13872
2021,CV9,Low,0,2,377.5,3628,13694
2021,CV9,Low,0,3,394.6,3320,13101
2021,CV9,Low,0,4,351.3,3628,12745
2021,CV9,Low,0,5,390.6,3415,13338
2021,CV9,Low,0,6,349.7,3628,12686
2021,CV9,Low,0,7,435.7,3320,14464
2021,CV9,Low,0,8,332.4,4031,13397
2021,CV9,Low,0,9,334.8,3912,13101
2021,CV9,Low,0,10,399.3,3415,13634
2021,CV10,Low,0,1,403.7,3509,14168
2021,CV10,Low,0,2,357.4,3699,13219
2021,CV10,Low,0,3,395.3,3509,13872
2021,CV10,Low,0,4,408.8,3509,14346
2021,CV10,Low,0,5,350.0,4150,14524
2021,CV10,Low,0,6,408.8,3509,14346
2021,CV10,Low,0,7,354.2,4268,15116
2021,CV10,Low,0,8,400.9,3948,15828
2021,CV10,Low,0,9,370.4,3841,14227
2021,CV10,Low,0,10,385.8,3841,14820
2021,CV10,Low,0,1,439.2,3415,14998
2021,CV10,Low,0,2,398.4,3794,15116
2021,CV10,Low,0,3,390.4,4055,15828
2021,CV10,Low,0,4,411.2,3604,14820
2021,CV10,Low,0,5,385.9,3948,15235
2021,CV10,Low,0,6,372.8,4055,15116
2021,CV10,Low,0,7,356.9,4268,15235
2021,CV10,Low,0,8,394.7,3604,14227
2021,CV10,Low,0,9,420.6,3509,14761
2021,CV10,Low,0,10,390.6,3794,14820
