Season ,Nitrogen,tuber_wt_g
2020,N1,99.5
2020,N1,8.7
2020,N1,51
2020,N1,46.3
2020,N1,71.4
2020,N1,81.4
2020,N1,9.7
2020,N1,49.9
2020,N1,40.3
2020,N1,3.5
2020,N1,23.6
2020,N1,65.5
2020,N1,20
2020,N1,97.4
2020,N1,51.5
2020,N1,110.9
2020,N1,52.7
2020,N1,78.3
2020,N1,100.9
2020,N1,14.3
2020,N1,21.1
2020,N1,18.8
2020,N1,33
2020,N1,89.1
2020,N1,123.9
2020,N1,25.3
2020,N1,74.3
2020,N1,64.3
2020,N1,226.7
2020,N1,2.9
2020,N1,36.2
2020,N1,112.2
2020,N1,75.5
2020,N1,2.4
2020,N1,24.8
2020,N1,27.9
2020,N1,10.6
2020,N1,4.8
2020,N1,33.4
2020,N1,8.3
2020,N1,39.1
2020,N1,49.4
2020,N1,43.6
2020,N1,49.6
2020,N1,54.1
2020,N1,53.1
2020,N1,26.9
2020,N1,9.9
2020,N1,36.3
2020,N1,9.7
2020,N1,32.4
2020,N1,29
2020,N1,8.3
2020,N1,19.7
2020,N1,34.4
2020,N1,8.3
2020,N1,3.5
2020,N1,49.7
2020,N1,9.6
2020,N1,65.9
2020,N1,17.8
2020,N1,54.9
2020,N1,39.5
2020,N1,141.6
2020,N1,63.5
2020,N1,54.5
2020,N1,56.5
2020,N1,77.6
2020,N1,38
2020,N1,37.4
2020,N1,18.9
2020,N1,24.3
2020,N1,14.8
2020,N1,11.7
2020,N1,8.6
2020,N1,7.7
2020,N1,7
2020,N1,5.5
2020,N1,131.2
2020,N1,65.7
2020,N1,76.8
2020,N1,50.4
2020,N1,41.6
2020,N1,20.2
2020,N1,22.2
2020,N1,6.6
2020,N1,3.9
2020,N1,76.4
2020,N1,75.9
2020,N1,56.3
2020,N1,61.4
2020,N1,24.4
2020,N1,14.7
2020,N1,83.4
2020,N1,6.1
2020,N1,4.9
2020,N1,180.7
2020,N1,134.8
2020,N1,133.5
2020,N1,90.6
2020,N1,38
2020,N1,37.8
2020,N1,17.1
2020,N1,97.4
2020,N1,4.8
2020,N1,54.5
2020,N1,55.2
2020,N1,12.3
2020,N1,206.7
2020,N1,68.5
2020,N1,87
2020,N1,49.4
2020,N1,19
2020,N1,14.5
2020,N1,3.2
2020,N1,38.3
2020,N1,117.3
2020,N1,103.6
2020,N1,72.9
2020,N1,55.1
2020,N1,22.3
2020,N1,13.2
2020,N1,9.8
2020,N1,27.2
2020,N1,14.9
2020,N1,133.5
2020,N1,88
2020,N1,64.9
2020,N1,44.7
2020,N1,25.9
2020,N1,21.1
2020,N1,21.5
2020,N1,8.2
2020,N1,6.3
2020,N1,3.3
2020,N1,2.5
2020,N1,28
2020,N1,180.8
2020,N1,90.7
2020,N1,34.4
2020,N1,9.8
2020,N1,25.9
2020,N1,47.1
2020,N1,21.1
2020,N1,22.4
2020,N1,5.4
2020,N1,4.6
2020,N1,63.8
2020,N1,105.5
2020,N1,90.8
2020,N1,17.7
2020,N1,14.1
2020,N1,10.2
2020,N1,4.4
2020,N1,18.1
2020,N1,26.5
2020,N1,28.6
2020,N1,44.3
2020,N1,26
2020,N1,25.5
2020,N1,5.1
2020,N1,8.9
2020,N1,7.4
2020,N1,50.1
2020,N1,75.3
2020,N1,87
2020,N1,36
2020,N1,11.8
2020,N1,5.1
2020,N1,162.7
2020,N1,76.9
2020,N1,57.6
2020,N1,19.7
2020,N1,192.9
2020,N1,84
2020,N1,42.8
2020,N1,43.2
2020,N1,36.4
2020,N1,20.5
2020,N1,23.6
2020,N1,18.7
2020,N1,6.2
2020,N1,4.1
2020,N1,69.6
2020,N1,50
2020,N1,84.2
2020,N1,56.4
2020,N1,32.7
2020,N1,40.3
2020,N1,11.6
2020,N1,3.6
2020,N1,3.8
2020,N1,144.3
2020,N1,101.2
2020,N1,37.5
2020,N1,7.5
2020,N1,2.2
2020,N1,3.3
2020,N1,5.2
2020,N1,18.6
2020,N1,17
2020,N1,2.3
2020,N1,67.7
2020,N1,70.2
2020,N1,8.9
2020,N1,3.1
2020,N1,3.3
2020,N1,81.7
2020,N1,6.7
2020,N1,6.7
2020,N1,3.8
2020,N1,97.6
2020,N1,76.3
2020,N1,77
2020,N1,41.6
2020,N1,35
2020,N1,26.1
2020,N1,18.6
2020,N1,20.2
2020,N1,10.1
2020,N1,9
2020,N1,5
2020,N1,4.9
2020,N1,4.2
2020,N1,88.6
2020,N1,50.8
2020,N1,11
2020,N1,4
2020,N1,62.3
2020,N1,80.7
2020,N1,23.2
2020,N1,18.9
2020,N1,6.3
2020,N1,70
2020,N1,14.2
2020,N1,211.6
2020,N1,54.8
2020,N1,21.5
2020,N1,6.8
2020,N0,8.5
2020,N0,6.1
2020,N0,56.4
2020,N0,72.6
2020,N0,54.5
2020,N0,44.6
2020,N0,48.4
2020,N0,32.9
2020,N0,58.2
2020,N0,30.6
2020,N0,15.8
2020,N0,28
2020,N0,76
2020,N0,30.8
2020,N0,4.2
2020,N0,10.6
2020,N0,32.8
2020,N0,21.9
2020,N0,5.7
2020,N0,106.6
2020,N0,47.1
2020,N0,95.3
2020,N0,8
2020,N0,34
2020,N0,32.6
2020,N0,21.5
2020,N0,25.6
2020,N0,16.2
2020,N0,44.8
2020,N0,9.8
2020,N0,4.3
2020,N0,32.5
2020,N0,22.4
2020,N0,60.3
2020,N0,70.3
2020,N0,48.7
2020,N0,17.3
2020,N0,9.3
2020,N0,11
2020,N0,76.4
2020,N0,5.7
2020,N0,52.2
2020,N0,126.1
2020,N0,11.1
2020,N0,35.8
2020,N0,9.4
2020,N0,44.5
2020,N0,37.2
2020,N0,51.6
2020,N0,3.2
2020,N0,2.8
2020,N0,49.3
2020,N0,66.3
2020,N0,3.5
2020,N0,13.1
2020,N0,8.1
2020,N0,60.2
2020,N0,99.9
2020,N0,95.9
2020,N0,99.2
2020,N0,34
2020,N0,6.9
2020,N0,171.9
2020,N0,85.8
2020,N0,16.4
2020,N0,46.7
2020,N0,56.9
2020,N0,7.7
2020,N0,12.6
2020,N0,44.7
2020,N0,59.3
2020,N0,18.6
2020,N0,37.6
2020,N0,5.3
2020,N0,26.4
2020,N0,16.5
2020,N0,61.6
2020,N0,110.1
2020,N0,101
2020,N0,24.4
2020,N0,65.5
2020,N0,116.3
2020,N0,51.8
2020,N0,89
2020,N0,60.1
2020,N0,11.2
2020,N0,19
2020,N0,56.8
2020,N0,45.9
2020,N0,62
2020,N0,17.8
2020,N0,68.7
2020,N0,18.7
2020,N0,5.7
2020,N0,4.8
2020,N0,110.4
2020,N0,72.5
2020,N0,62.2
2020,N0,121.9
2020,N0,32.9
2020,N0,94.5
2020,N0,93.5
2020,N0,31.6
2020,N0,43.1
2020,N0,18.6
2020,N0,18.1
2020,N0,197.7
2020,N0,36.1
2020,N0,123
2020,N0,59.4
2020,N0,44.3
2020,N0,49.7
2020,N0,33.3
2020,N0,20
2020,N0,10
2020,N0,8
2020,N0,3.1
2020,N0,44.4
2020,N0,58.2
2020,N0,51.8
2020,N0,22.1
2020,N0,62.6
2020,N0,45.1
2020,N0,29.7
2020,N0,82.8
2020,N0,183.8
2020,N0,45.1
2020,N0,19.6
2020,N0,86.4
2020,N0,47.6
2020,N0,23.5
2020,N0,4.4
2020,N0,85.1
2020,N0,3.2
2020,N0,21.3
2020,N0,13.4
2020,N0,97.1
2020,N0,50.1
2020,N0,13.8
2020,N0,95.4
2020,N0,60.5
2020,N0,121.9
2020,N0,63.7
2020,N0,69.7
2020,N0,44.7
2020,N0,16.7
2020,N0,59.2
2020,N0,12.6
2020,N0,11.8
2020,N0,8.2
2020,N0,10.4
2020,N0,6.9
2020,N0,6.3
2020,N0,4.7
2020,N0,84.8
2020,N0,14.6
2020,N0,31.2
2020,N0,25.4
2020,N0,40.5
2020,N0,73.3
2020,N0,147.2
2020,N0,79.7
2020,N0,26.2
2020,N0,109.7
2020,N0,108.6
2020,N0,62.3
2020,N0,8.2
2020,N0,107.9
2020,N0,45
2020,N0,79
2020,N0,193.6
2020,N0,49
2020,N0,11.1
2020,N0,8.5
2020,N0,88.1
2020,N0,3.6
2020,N0,69.2
2020,N0,54.7
2020,N0,31.2
2020,N0,32.7
2020,N0,16.8
2020,N0,12.1
2020,N0,4.9
2020,N0,3.5
2020,N0,63.8
2020,N0,60.7
2020,N0,37.7
2020,N0,38.1
2020,N0,21.5
2020,N0,25.9
2020,N0,101
2020,N0,55.5
2020,N0,7.7
2020,N0,59.2
2020,N0,29.5
2020,N0,11
2020,N0,47
2020,N0,57.7
2020,N0,48
2020,N0,29.5
2020,N0,11
2020,N0,39.6
2020,N0,57.7
2020,N0,48
2020,N0,5.6
2020,N0,164.9
2020,N0,140.4
2020,N0,164.9
2020,N0,140.4
2020,N0,8.5
2020,N0,85.8
2020,N0,85.4
2020,N0,8.5
2020,N0,85.8
2020,N0,41.9
2020,N0,31.6
2020,N0,49.1
2020,N0,8.8
2020,N0,41.9
2020,N0,31.6
2020,N0,49.1
2020,N0,26.8
2020,N0,37
2020,N0,127.5
2020,N0,26.8
2020,N0,37
2020,N0,49.1
2020,N0,42.5
2020,N0,28.2
2020,N0,21.8
2020,N0,7.1
2020,N0,49.1
2020,N0,42.5
2020,N0,28.2
2020,N0,21.8
2020,N0,151.8
2020,N0,113.5
2020,N0,113.5
2020,N0,31
2020,N0,58.1
2020,N0,64.6
2020,N0,114.3
2020,N0,66.8
2020,N0,31
2020,N0,58.1
2020,N0,64.6
2020,N0,114.3
2020,N0,3.2
2020,N0,52.8
2020,N0,4.9
2020,N0,5.5
2020,N0,62.7
2020,N0,53.6
2020,N0,52.8
2020,N0,4.9
2020,N0,5.5
2020,N0,62.7
2020,N0,53.6
2020,N0,12.1
2020,N0,23.7
2020,N0,37.3
2020,N0,12.1
2020,N0,23.7
2020,N0,46.5
2020,N0,35.7
2020,N0,121.5
2020,N0,122.5
2020,N0,40.1
2020,N0,46.5
2020,N0,35.7
2020,N0,121.5
2020,N0,122.5
2020,N0,26.1
2020,N0,60.1
2020,N0,26.4
2020,N0,34.9
2020,N0,76.1
2020,N0,14.6
2020,N0,90.8
2020,N0,64
2020,N0,30.2
2020,N0,60.1
2020,N0,26.4
2020,N0,34.9
2020,N0,76.1
2020,N0,14.6
2020,N0,90.8
2020,N0,64
2020,N0,87
2020,N0,47.5
2020,N0,10.8
2020,N0,8.4
2020,N0,168
2020,N0,51.9
2020,N0,29.1
2020,N0,45.2
2020,N0,101.9
2020,N0,4.9
2020,N0,40.1
2020,N0,74.1
2020,N0,121.8
2020,N0,28
2020,N0,12.2
2020,N0,46.3
2020,N0,4.6
2020,N0,26.9
2020,N0,48.5
2020,N0,11.7
2020,N0,104.3
2020,N0,21.5
2020,N0,19.8
2020,N0,76.6
2020,N0,71
2020,N0,116.8
2020,N0,77
2020,N0,80.3
2020,N0,64.7
2020,N0,73
2020,N0,54.7
2020,N0,21.4
2020,N0,56.9
2020,N0,44.4
2020,N0,28.5
2020,N0,27.8
2020,N0,98.2
2020,N0,113.7
2020,N0,32.1
2020,N0,12.6
2020,N0,2.2
2020,N0,5.1
2020,N0,3.2
2020,N0,3.1
2020,N0,1.9
2020,N0,43.9
2020,N0,70.8
2020,N0,66.9
2020,N0,35.4
2020,N0,18.8
2020,N0,97.6
2020,N0,121.5
2020,N0,12
2020,N0,68.7
2020,N0,53.6
2020,N0,11.2
2020,N0,11.8
2020,N0,46
2020,N0,43.7
2020,N0,33
2020,N0,17.1
2020,N0,6.2
2020,N0,79.2
2020,N0,59
2020,N0,49.5
2020,N0,74.5
2020,N0,160.3
2020,N0,2.8
2020,N0,3.5
2020,N0,41.5
2020,N0,50.9
2020,N0,68.7
2020,N0,39.2
2020,N0,9
2020,N0,71.9
2020,N0,46.1
2020,N0,186.4
2020,N0,17.7
2020,N0,2.6
2020,N0,3.1
2020,N0,28.3
2020,N0,47.5
2020,N0,65.8
2020,N0,5.8
2020,N0,18.5
2020,N0,113.8
2020,N0,28.9
2020,N0,43.3
2020,N0,39
2020,N0,9.3
2020,N0,50.3
2020,N0,16.9
2020,N0,2.9
2020,N0,5.4
2020,N1,36.4
2020,N1,90.8
2020,N1,110
2020,N1,233.6
2020,N1,134
2020,N1,17
2020,N1,8.3
2020,N1,147.4
2020,N1,30.8
2020,N1,68.2
2020,N1,18.7
2020,N1,25.2
2020,N1,29.4
2020,N1,7.8
2020,N1,6.5
2020,N1,41.4
2020,N1,161
2020,N1,25.8
2020,N1,74
2020,N1,16.3
2020,N1,104.9
2020,N1,120.6
2020,N1,242.7
2020,N1,132.3
2020,N1,104.9
2020,N1,106.1
2020,N1,114
2020,N1,26.1
2020,N1,66.5
2020,N1,173.5
2020,N1,86.8
2020,N1,19.1
2020,N1,97.8
2020,N1,110.6
2020,N1,196.4
2020,N1,36.8
2020,N1,21.8
2020,N1,78.4
2020,N1,231
2020,N1,9.6
2020,N1,15.9
2020,N1,55.2
2020,N1,17.2
2020,N1,42.4
2020,N1,163
2020,N1,58.1
2020,N1,264.3
2020,N1,26.4
2020,N1,172.6
2020,N1,92.7
2020,N1,171.2
2020,N1,30.5
2020,N1,29.5
2020,N1,26.3
2020,N1,22.7
2020,N1,77.7
2020,N1,78.7
2020,N1,18.2
2020,N1,52
2020,N1,9.4
2020,N1,50.2
2020,N1,23.7
2020,N1,138.7
2020,N1,52.7
2020,N1,22.8
2020,N1,81.3
2020,N1,95.2
2020,N1,17.8
2020,N1,174.2
2020,N1,21.1
2020,N1,74.1
2020,N1,18.4
2020,N1,4.8
2020,N1,7.9
2020,N1,137.8
2020,N1,5.7
2020,N1,38
2020,N1,57.4
2020,N1,12.1
2020,N1,4.3
2020,N1,116.4
2020,N1,37.1
2020,N1,111.5
2020,N1,7.4
2020,N1,116.7
2020,N1,37.5
2020,N1,45.3
2020,N1,102.8
2020,N1,311.4
2020,N1,21.8
2020,N1,21.2
2020,N1,186.2
2020,N1,139.8
2020,N1,10.5
2020,N1,11.7
2020,N1,110.6
2020,N1,126
2020,N1,123.4
2020,N1,96.5
2020,N1,33.6
2020,N1,7.8
2020,N1,176.8
2020,N1,26
2020,N1,14
2020,N1,15
2020,N1,13
2020,N1,10.3
2020,N1,121
2020,N1,32.4
2020,N1,104.2
2020,N1,180.9
2020,N1,31.4
2020,N1,36.3
2020,N1,7.2
2020,N1,19
2020,N1,7.4
2020,N1,8
2020,N1,104.8
2020,N1,95.7
2020,N1,31.3
2020,N1,84.7
2020,N1,64.1
2020,N1,136
2020,N1,59
2020,N1,59.9
2020,N1,4
2020,N1,143.8
2020,N1,32.7
2020,N1,98.7
2020,N1,79.1
2020,N1,72.6
2020,N1,112
2020,N1,4.2
2020,N0,154.6
2020,N0,35.7
2020,N0,49.4
2020,N0,23.1
2020,N0,46
2020,N0,53.7
2020,N0,67.7
2020,N0,95.2
2020,N0,26.9
2020,N0,7.9
2020,N0,17.7
2020,N0,13
2020,N0,8
2020,N0,3.6
2020,N0,11.3
2020,N0,94.5
2020,N0,22.7
2020,N0,2.5
2020,N0,2.9
2020,N0,86.6
2020,N0,67
2020,N0,55.2
2020,N0,67.6
2020,N0,21.8
2020,N0,129.8
2020,N0,18.8
2020,N0,20.2
2020,N0,29.3
2020,N0,130.5
2020,N0,28.7
2020,N0,23.1
2020,N0,37.7
2020,N0,10.6
2020,N0,55.8
2020,N0,62.3
2020,N0,26.7
2020,N0,29.5
2020,N0,58
2020,N0,115.8
2020,N0,93.2
2020,N0,25.5
2020,N0,45.4
2020,N0,17.2
2020,N0,15.6
2020,N0,10.3
2020,N0,47.9
2020,N0,9.4
2020,N0,143.1
2020,N0,42.4
2020,N0,8.9
2020,N0,13.9
2020,N0,70.1
2020,N0,4.6
2020,N0,80.1
2020,N0,3.3
2020,N0,2
2020,N0,144.1
2020,N0,29.1
2020,N0,34.5
2020,N0,55.6
2020,N0,4.1
2020,N0,29.6
2020,N0,7.5
2020,N0,11.4
2020,N0,34
2020,N0,10.7
2020,N0,14.3
2020,N0,19.9
2020,N0,121.5
2020,N0,78.3
2020,N0,40.7
2020,N0,14
2020,N0,58.5
2020,N0,70.7
2020,N0,75
2020,N0,67.5
2020,N0,107.5
2020,N0,71.1
2020,N0,68.3
2020,N0,5.3
2020,N0,2.6
2020,N0,92.1
2020,N0,64.8
2020,N0,56.7
2020,N0,33.3
2020,N0,20.1
2020,N0,58.7
2020,N0,61.4
2020,N0,52.4
2020,N0,17.3
2020,N0,52.7
2020,N0,51.7
2020,N0,38.4
2020,N0,43
2020,N0,152.3
2020,N0,89.8
2020,N0,78.8
2020,N0,55.6
2020,N0,45.5
2020,N0,32.3
2020,N0,32.1
2020,N0,12
2020,N0,101
2020,N0,89.8
2020,N0,79.2
2020,N0,6.5
2020,N0,4.2
2020,N0,34.1
2020,N0,49.7
2020,N0,2.5
2020,N0,127.3
2020,N0,37.1
2020,N0,107.2
2020,N0,77.2
2020,N0,49
2020,N0,20.4
2020,N0,145.2
2020,N0,151.9
2020,N0,71.1
2020,N0,52.6
2020,N0,8.1
2020,N0,6.7
2020,N0,3.6
2020,N0,86.8
2020,N0,8.6
2020,N0,13.9
2020,N0,98
2020,N0,47.5
2020,N0,75.2
2020,N0,72.1
2020,N0,26.3
2020,N0,79.1
2020,N0,118.7
2020,N0,85.3
2020,N0,41.4
2020,N0,13.8
2020,N0,145.9
2020,N0,76.5
2020,N0,58
2020,N0,37.7
2020,N0,35.7
2020,N0,28.8
2020,N0,154.7
2020,N0,151.8
2020,N0,22.7
2020,N0,91.9
2020,N0,59.8
2020,N0,38.9
2020,N0,54.4
2020,N0,34
2020,N0,53.5
2020,N0,48.5
2020,N0,16
2020,N0,170.4
2020,N0,108.1
2020,N0,15.9
2020,N0,81.2
2020,N0,14.3
2020,N0,81.2
2020,N0,19.2
2020,N0,28
2020,N0,70.6
2020,N0,63.8
2020,N0,90.4
2020,N0,20.1
2020,N0,46.4
2020,N0,115.6
2020,N0,47.7
2020,N0,67.9
2020,N0,180.8
2020,N0,152.3
2020,N0,14.3
2020,N0,134.6
2020,N0,59.9
2020,N0,81
2020,N0,26.8
2020,N0,55.9
2020,N0,64
2020,N0,43.7
2020,N0,11.6
2020,N0,7.6
2020,N0,17.2
2020,N0,36.4
2020,N0,93.9
2020,N0,30.2
2020,N0,48.4
2020,N0,25.6
2020,N0,37.1
2020,N0,31.7
2020,N0,5
2020,N0,94.3
2020,N0,92.6
2020,N0,63
2020,N0,74.1
2020,N0,26.1
2020,N0,19.7
2020,N0,24.6
2020,N0,41.4
2020,N0,39.4
2020,N0,62.3
2020,N0,89.5
2020,N0,51.8
2020,N0,28.4
2020,N0,129.3
2020,N0,112.7
2020,N0,20.1
2020,N0,48
2020,N0,151
2020,N0,129.7
2020,N0,105.1
2020,N0,33.3
2020,N0,13
2020,N0,32.9
2020,N0,78.6
2020,N0,4.5
2020,N0,5.1
2020,N0,22.3
2020,N0,19.9
2020,N0,25.6
2020,N0,96
2020,N0,108.3
2020,N0,13.3
2020,N0,166
2020,N0,40.7
2020,N0,44.4
2020,N0,33.1
2020,N0,99.4
2020,N0,34.9
2020,N0,111.1
2020,N0,34.8
2020,N0,156.8
2020,N0,60.2
2020,N0,70.4
2020,N0,17.5
2020,N0,5.5
2020,N0,28
2020,N0,58.4
2020,N0,62.4
2020,N0,20
2020,N0,141.8
2020,N0,169.6
2020,N0,108.8
2020,N0,126.4
2020,N0,77.5
2020,N0,176.2
2020,N0,15.4
2020,N0,37.8
2020,N0,59.9
2020,N0,108.8
2020,N0,76.5
2020,N0,29.1
2020,N0,85.4
2020,N0,41.2
2020,N0,148.2
2020,N0,23.9
2020,N0,70.5
2020,N0,18.6
2020,N0,67.5
2020,N0,51.8
2020,N0,16.9
2020,N0,8.4
2020,N0,50.1
2020,N0,5.4
2020,N0,169
2020,N0,34.4
2020,N0,18.3
2020,N0,12.5
2020,N0,14.8
2020,N0,52
2020,N0,93.5
2020,N0,97.5
2020,N0,8.5
2020,N0,52.4
2020,N0,60.7
2020,N0,91.2
2020,N0,47.3
2020,N0,63.2
2020,N0,80.3
2021,N1,27.4
2021,N1,14.8
2021,N1,36.7
2021,N1,13.5
2021,N1,36.7
2021,N1,33.8
2021,N1,22.7
2021,N1,28.9
2021,N1,2.6
2021,N1,2.8
2021,N1,8
2021,N1,4.8
2021,N1,5.3
2021,N1,2.7
2021,N1,5.6
2021,N1,15.1
2021,N1,12
2021,N1,10.6
2021,N1,22.4
2021,N1,3
2021,N1,5.6
2021,N1,21.5
2021,N1,4.5
2021,N1,4.6
2021,N1,4.5
2021,N1,6.1
2021,N1,3.2
2021,N1,6.2
2021,N0,5.5
2021,N0,3.2
2021,N0,5.9
2021,N0,4.7
2021,N0,10.7
2021,N0,5.5
2021,N0,9.3
2021,N0,3
2021,N0,21.7
2021,N0,11.6
2021,N0,4.5
2021,N0,5.5
2021,N0,5.4
2021,N0,7.4
2021,N0,12.6
2021,N0,5.4
2021,N0,11.6
2021,N0,6.6
2021,N0,4
2021,N0,7.2
2021,N0,3.5
2021,N0,2.6
2021,N0,4.8
2021,N0,4.4
2021,N0,5.4
2021,N0,6.7
2021,N0,4.2
2021,N0,14
2021,N0,11
2021,N0,5.1
